53.097173;25.315963;АЦ-5,0-40/4(533702-270);2019-06-24;АВ5153-4
53.097173;25.315963;АЛ-30(131)ПМ506;2019-06-24;СМ7037
53.097173;25.315963;АЦ-40(131)137А;2019-06-24;СМ7043
53.464147;25.404997;АБР-0,6-100(5301);2019-06-24;AA2003-4
53.464147;25.404997;АЛ-30(131)506;2019-06-24;AA5537-4
53.322057;25.294851;АЦ-40(5557);2019-06-24;АI6505-4
53.355389;25.475663;АЦ-10,0-40(6317);2019-06-24;АК6040-4
53.460855;25.630070;АЦ-40-10,0(6317);2019-06-24;AI8070-4
53.595267;24.746202;АЦ-5,0-50/4(533702);2019-06-24;АА6848-4
53.595267;24.746202;АБР-06/100(5301);2019-06-24;АА2002-4
53.595267;24.746202;АЦ-40(130)63Б;2019-06-24;АА9535-4
53.602108;24.977799;АЦ-5,0-50/4(5337А2);2019-06-24;АЕ3524-4
53.089107;25.386390;АЦ-10,0-40 (6317);2019-06-24;АК0186
53.784316;24.852650;АЦ-10,0-40(6317);2019-06-24;АК0717-4
53.076395;25.276374;АЦ-10,0-40/4(6317);2019-06-24;АК6061-4
53.546549;24.524306;АЦ-10,0-40(6317);2019-06-24;АК2312-4
53.730816;24.532375;АЦ-40(130)63Б;2019-06-24;АЕ0294-4
53.536191;24.738169;АЦ-10,0-40(631708);2019-06-24;АИ4944-4
53.199822;25.458496;АЦ-40(131)137А;2019-06-24;СЕ92-87
53.014176;25.339192;АЦП-40(5557)6/3;2019-06-24;СМ7042
52.970745;25.089754;АЦ-3,0-40(131);2019-06-24;АИ-4-8802
53.155964;25.223436;АЦ-5,0-40/4(533702);2019-06-24;АВ4582
52.194030;24.016440;АЦ-40(131)137;2019-06-24;AI1684
52.194030;24.016440;АЦ-5,0-40/4(533702);2019-06-24;AE0267-1
52.152500;30.625278;АЦ-10,0-40(6317);2019-06-24;АК7845-3
52.097940;24.140970;АЦ-40(130)63А;2019-06-24;AI1689
52.260696;23.986826;АЦ-8,0-50(631708);2019-06-24;AЕ3490-1
54.867228;26.934463;АЦ 3,0-40(131);2019-06-24;АВ7163-5
54.867228;26.934463;АЦ 2,0-40(437041);2019-06-24;АЕ0867-5
54.201572;27.848129;АЦ-30(1113);2019-06-24;АР3974-5
54.201572;27.848129;АЦ 5,0-50/4(5337А2);2019-06-24;АК8985-5
54.201572;27.848129;АБР-0,5(5301М2);2019-06-24;АН4409-5
54.892241;26.663812;АЛ-30(131)ПМ506;2019-06-24;АI0853-5
54.892241;26.663812;АЦ-40(131)137А;2019-06-24;АI0855-5
54.802339;26.778866;АЦ-40(130)63Б;2019-06-24;АI0869-5
54.780728;27.425112;АЦ 10.0-40(6317);2019-06-24;АС6028-5
53.229297;26.646867;АЦ 5,0-50/4(5337А2);2019-06-24;АК2153-5
53.229297;26.646867;АЦ-40(130)63Б;2019-06-24;АС0751-5
53.229297;26.646867;АКП-25(PMT-25D(5337-346));2019-06-24;АО4813-5
54.718584;27.291079;АЦ 5,0-50/4(5337);2019-06-24;АК0765-5
53.592977;24.248328;АЦ-5,0-40(533702);2019-06-24;AB5147-4
53.592977;24.248328;АБР-0,4-130(437041);2019-06-24;AA9714-4
53.592977;24.248328;АЛ-30(131)ПМ506;2019-06-24;AA9189-4
53.592977;24.248328;АЦ-40(130)63Б;2019-06-24;AA3576-4
53.308038;26.514879;АЦ 5,0-50/4(5337А2);2019-06-24;АК6890-5
54.850228;26.397299;АЦ 5,0-50/4(530905);2019-06-24;АК3865-5
53.727411;24.157493;АЦ-10-40(6317);2019-06-24;AK6037-4
53.523197;30.250041;АЦ-11,0-40(6317);2019-06-24;АI7537-6
53.523197;30.250041;АЦ-5,0 50/4(5337А2);2019-06-24;АВ3380-6
53.523197;30.250041;АБР-0,6/40(5301);2019-06-24;ТЕ9960
53.523197;30.250041;АНР-40(130)127А;2019-06-24;АА5912-6
53.523197;30.250041;КС-35715;2019-06-24;АВ1486-6
53.523197;30.250041;АЛ-30(131)ПМ506;2019-06-24;АЕ8850-6
53.523197;30.250041;ЛОДКА;2019-06-24;А2602А-6
53.229297;26.646867;АЦ 5,0-40(5557);2019-06-24;АА7459-5
53.638725;30.071497;АЦ-6,0-40(53228);2019-06-24;АА6116-6
53.330721;30.346504;АЦ-10,0-40(6317);2019-06-24;АI2153-6
53.202858;26.640355;АЦ 10,0-40(6317);2019-06-24;АР2193-5
53.379264;30.530746;АЦ-40(431612)63Б;2019-06-24;ТЕ5243
51.792681;24.068251;АЦ-10,0-40(6317);2019-06-24;АМ1716-1
51.792681;24.068251;АЦ-40(131)137А;2019-06-24;АМ4288-1
51.792681;24.068251;АБР-0,5-0,4(5301Е2);2019-06-24;АВ0800-1
51.792681;24.068251;АЛ-30(131)ПМ506;2019-06-24;АН0200-1
53.573919;30.310723;АЦ-5,0 50/4(533702);2019-06-24;АА3366-6
53.184912;26.830105;АЦ 5,0-40(533702);2019-06-24;АВ5953-5
54.525672;26.368348;АЦ 10,0-40(6317);2019-06-24;АК0714-4
53.516766;29.828051;АЦ-10,0-40(6317);2019-06-24;АЕ5897-6
53.215762;26.390026;АЦ 10,0-40(6317);2019-06-24;АО0810-5
53.877444;24.148166;АЦ-10-40(631708);2019-06-24;49-41AI-4
53.486556;24.066594;АЦ-5,0-40(5434Х3);2019-06-24;AK2416-4
53.828431;23.656433;АЦ-30(5312);2019-06-24;2434-AA-4
51.909167;29.978889;АЦ-10,0-40(6317);2019-06-24;АК6319-3
51.909167;29.978889;АКП-25(5337А2)РМТ 25 D.09;2019-06-24;АК7292-3
51.909167;29.978889;АЦ-5,0-50/4(532О2);2019-06-24;АЕ4204-3
51.909167;29.978889;АР-2(131)137А;2019-06-24;ЕС4168
51.909167;29.978889;ПНС-110(131);2019-06-24;ЕВ3452
51.909167;29.978889;АЦ-3,0-40(131);2019-06-24;АК7244-3
51.909167;29.978889;Geely ATLAS;2019-06-24;6866IР-3
51.909167;29.978889;ВАЗ-21070;2019-06-24;2521АЕ-3
54.486774;26.412513;АЦ-40(131)137А;2019-06-24;СЕ9609-4
54.486774;26.412513;MERCEDESVS-1113;2019-06-24;CE8269-4
54.486774;26.412513;АЦ-40(130)63Б;2019-06-24;АИ8602-4
52.034515;29.930877;АЦ-10,0-40(6317);2019-06-24;АМ0387-3
54.474142;26.390953;АЦП-40-6/3;2019-06-24;СВ1265-4
51.918987;29.694886;АЦ-40(131)137А;2019-06-24;АА9175-3
54.316154;26.271638;АЦ-10,0-40(6317);2019-06-24;АИ43943-4
54.626618;26.543779;АЦ-3,0-40(131);2019-06-24;АИ8677-4
51.830526;30.103976;АЦ-40(130)63Б;2019-06-24;АК6353-3
54.502534;26.220589;АЦ-5,0-40/4 (533702);2019-06-24;АВ5161-4
51.813626;23.906364;АЦ-10,0-40(6317);2019-06-24;АК7820-1
51.693239;23.941602;АЦ-40(130)63Б;2019-06-24;АМ9738-1
51.831431;24.261715;АЦ-10,0-40(6317);2019-06-24;АМ5167-1
51.981006;24.212422;АЦ-40(130)63Б;2019-06-24;АН1304-1
53.988580;29.719342;АЦ10,0-40(6317);2019-06-24;АЕ8275-6
53.988580;29.719342;АЦ5,0-50-4(5337A2);2019-06-24;АВ7298-6
53.988580;29.719342;АБР0,6-100(5301);2019-06-24;ТВ2681
53.988580;29.719342;АКП(5337A2);2019-06-24;АЕ5465-6
53.988580;29.719342;ПНС110(131)A;2019-06-24;АВ3522-6
53.988580;29.719342;АР-2(131);2019-06-24;АВ4845-6
53.988580;29.719342;ЛОДКАMX-300(T30-AE1);2019-06-24;АА1648-6
54.423846;27.821494;АЦ 10,0-40(6317);2019-06-24;АО8480-5
54.423846;27.821494;АЦ 5,0-40(5434);2019-06-24;АР2549-5
54.255283;27.691942;АЦ-40(131)137А;2019-06-24;АЕ3382-5
54.400128;27.618503;АЦ-40(131)137А;2019-06-24;АК8697-5
54.573958;27.813983;АЦ 3,0-40(131);2019-06-24;АО6357-5
54.418358;28.031874;АЦ-40(130)63Б;2019-06-24;05-52АI
54.278934;28.159494;АЦ-40(130)63Б;2019-06-24;АЕ3383-5
53.150661;24.442074;АЦ-5,0-50-4(5337А2);2019-06-24;AE2157-4
53.150661;24.442074;АЛ-30(131)ПМ;2019-06-24;AK8523-4
53.150661;24.442074;АЦ-40(130)63Б;2019-06-24;AA8756-4
53.150661;24.442074;АР-2(131);2019-06-24;AA2175-4
53.150661;24.442074;ПНС-110(131);2019-06-24;AA2174-4
53.150661;24.442074;АВ-8Т311М;2019-06-24;AA2181-4
53.150661;24.442074;Прицеп 2-ПН-4(УКС-400В);2019-06-24;0137CH
53.257771;24.425777;АЦ10,0-40(6317)X9;2019-06-24;AK3097-4
53.257771;24.425777;Прицеп Белаз 1103 для лодки;2019-06-24;A6485A-4
53.257771;24.425777;АЦ-40(130)63Б;2019-06-24;CB0441
54.155169;27.836402;АЦ 5,0-50/4(533702);2019-06-24;АI6426-5
53.163325;24.472182;АЦ-2,5/40(433362);2019-06-24;AI5693-4
53.163325;24.472182;АЛ-30(131)ПМ;2019-06-24;AA2172-4
53.163325;24.472182;АБР 0,6/100 (5301);2019-06-24;CH7956
53.163325;24.472182;АР-2(131);2019-06-24;CI6740
53.163325;24.472182;ПНС-110(131);2019-06-24;AA2177-4
53.163325;24.472182;АЦ-40(130)63Б;2019-06-24;AA2178-4
54.475456;27.635244;АЦ-40(130)63Б;2019-06-24;АР0420-5
53.167978;24.426335;АЦ-40(5557);2019-06-24;СВ1242
53.099971;24.559759;АЦ-40(130)63Б;2019-06-24;СЕ9239
53.263330;24.560859;АЦ10,0-40(6317);2019-06-24;AI4942-4
53.311405;24.207834;АЦ-3,0-40(131);2019-06-24;AI8800-4
53.130491;24.412914;АЦ-5,0-50-4(5337А2);2019-06-24;AE3911-4
53.705942;28.412902;АЦ 8,0-40(631708);2019-06-24;АМ5181-5
53.755697;28.004549;АЦ 5,0-40(533702);2019-06-24;АВ8981-5
53.755697;28.004549;АЦ 2,5-40(433360);2019-06-24;АО8409-5
53.649186;28.622752;АЦ-40(130)63Б;2019-06-24;АВ0069-5
53.813254;28.512181;АЦ 10,0-40(631708);2019-06-24;АО0188-5
53.761898;28.653198;АЦ 3,0-40(131);2019-06-24;АР1055-5
52.400720;31.340398;АЦ-10,0-40(6317);2019-06-24;АК8071-3
52.400720;31.340398;АЦ-5,0-50/4(5337O2);2019-06-24;AI2391-3
52.568960;31.165104;АЦ-10,0-40(6317);2019-06-24;АК7721-3
52.568960;31.165104;АЦ-10,0-40(6317Х9);2019-06-24;АМ1486-3
52.792170;31.316193;АЦ-5,0-50/4(5337А2);2019-06-24;AI0010-3
52.424478;31.320813;АЦ-5,0-50/4(5337О2);2019-06-24;АЕ9273-3
52.424478;31.320813;АР(131)133А;2019-06-24;AI8939-3
52.424478;31.320813;ПНС-110(131);2019-06-24;AI8931-3
52.424478;31.320813;АЦ-40(130)63Б;2019-06-24;АК9244-3
52.424478;31.320813;Geely SC-7;2019-06-24;3577II-3
52.424478;31.320813;Geely ATLAS;2019-06-24;4778IT-3
52.653599;31.056492;АЦ-40(131)137А;2019-06-24;АК8666-3
52.220010;31.420290;АЦ-10,0-40(6317);2019-06-24;АК9223-3
52.276739;31.276078;АЦ-6/3-40(5557);2019-06-24;АМ0227-3
52.182756;31.677669;АЦ-40(131)137А;2019-06-24;АМ0198-3
52.662816;28.897342;АЦ-10,0-40(6317);2019-06-24;АК3607-3
52.662816;28.897342;АЦ-40(130)63Б;2019-06-24;5856ГСО
52.662816;28.897342;Geely ATLAS;2019-06-24;3071IT-3
52.662816;28.897342;ВАЗ-21214;2019-06-24;4351ЕН-3
52.662816;28.897342;Geely SC-7;2019-06-24;2165IC-3
52.662816;28.897342;АД48С-Т400-2РП (ДГ-60);2019-06-24;б/н
53.948759;29.620997;АЦ3,0-40(131);2019-06-24;АЕ9909-6
54.077147;29.917894;АЦ10,0-40(6317);2019-06-24;AI1893-6
53.864154;29.723983;АЦ40(131)137A;2019-06-24;ТЕ5399
52.126368;28.491663;АЦ-10,0-40(6317);2019-06-24;АК6696-3
52.126368;28.491663;АЦ-40(131)137А;2019-06-24;AI1131-3
52.126368;28.491663;ПНС-110(131)131;2019-06-24;ЕС2311
53.983862;29.453799;АЦ2,5-40-4(533702);2019-06-24;АА1392-6
52.279014;28.470500;АЦ-40(131)137А;2019-06-24;АМ0445-3
54.009226;31.740831;АЦ 10,0-40(6317);2019-06-24;АЕ6506-6
54.009226;31.740831;АБР 0,6/40(5301ГА);2019-06-24;ТС5248
54.009226;31.740831;АЦ-5,0-50/4(533702);2019-06-24;АА9107-6
52.352141;29.110417;АЦ-40(130)63Б;2019-06-24;1880ГСО
52.122537;28.169073;АЦ-10,0-40(6317);2019-06-24;АК7696-3
52.317215;28.809133;АЦ-8,0-50/4(631705);2019-06-24;АМ0842-3
53.981842;31.292279;АЦ-40(131)137А;2019-06-24;ТЕ0426
52.205360;28.590055;АЦ-40(130)63Б;2019-06-24;AI1135-3
52.182533;28.954720;АЦ-5,0-40/4(5337О2);2019-06-24;АВ8792-3
52.405371;28.560286;АЦ-3,0-40(131);2019-06-24;АК5185-3
54.123264;31.382931;АЦ-3,0-40(131) 003-01;2019-06-24;АЕ2524-6
53.923294;31.834698;АЦ-3,0-40(131);2019-06-24;АЕ6546-6
53.925731;31.476452;АЦ 10,0-40(6317);2019-06-24;АЕ9460-6
55.485796;28.773001;АЦ-5,0-50/4(5337А2);2019-06-24;АЕ4836-2
55.485796;28.773001;АЦ-5,0-50/4(533702);2019-06-24;АЕ0548-2
55.485796;28.773001;Mercedes Sprinter 515CDI;2019-06-24;АВ7721-2
55.485796;28.773001;АБР(30)Мерседес;2019-06-24;6654ВА
55.485796;28.773001;АР-(2)131;2019-06-24;АВ3766-2
55.485796;28.773001;АСА Даймлер Бенц;2019-06-24;ВА6653
55.485796;28.773001;ПНС-(110)131;2019-06-24;АВ5574-2
55.485796;28.773001;АЛ-30(Магирус);2019-06-24;6652ВА
55.124610;27.678030;АЦ-5,0-40(533702);2019-06-24;АВ6543-2
55.124610;27.678030;АПП-4(ГАЗ2705);2019-06-24;АА2934-2
55.124610;27.678030;АЦ-8,0-40(631708);2019-06-24;АЕ9946-2
55.144240;27.963480;АЦ-40(131)137А;2019-06-24;ВЕ6440
55.243019;28.160177;АЦ-3,0-40(131);2019-06-24;АК0298-2
55.033929;29.456518;АЦ 10,0-40(6317);2019-06-24;АК0329-2
55.033929;29.456518;АЦ 5,0-50/4 (5337А2);2019-06-24;АЕ4121-2
55.033929;29.456518;АБР-4(2705);2019-06-24;АА0707-2
55.026660;30.800144;АЦ-10,0-40(6317);2019-06-24;АИ9982
55.026660;30.800144;ПНС-110(131)137А;2019-06-24;АЕ6431-2
55.026660;30.800144;АЦ-40(131)137А;2019-06-24;ВЕ2746
55.614228;29.091495;АЦ-40(131)137А;2019-06-24;ВЕ6350
55.425226;29.085618;АЦ-10,0-40(6317);2019-06-24;АК0617-2
55.322299;28.595329;АЦ-10,0-40(6317);2019-06-24;АК3308-2
55.473687;28.828348;АЦ-40(131)137А;2019-06-24;6756ВА
55.473687;28.828348;АЦ-40(130)63Б;2019-06-24;АВ3769-2
55.409518;28.460075;АЦ-40(131)137А;2019-06-24;ВЕ6439
55.462689;28.730826;АЦ-10,0-40(6317Х9);2019-06-24;АК7129-2
54.915633;30.704196;АЦ-10,0-40(6317);2019-06-24;АК2751-2
55.024350;30.437390;АЦ-40(131)137А;2019-06-24;ВЕ2750
55.225971;29.244961;АЦ-40(131)137А;2019-06-24;ВА3448
55.141680;29.844240;АНР-40(130)127А;2019-06-24;2362МИМ
55.086608;30.633355;АЦ-40(130)63Б;2019-06-24;ВЕ2747
52.717434;30.571687;АЦ-10,0-40(6317);2019-06-24;АК8189-3
52.717434;30.571687;АЦ-5,0-40/4(5337O2);2019-06-24;АВ4678-3
52.717434;30.571687;АД-32С-Т400-2РП;2019-06-24;б/н
52.896944;30.666667;АЦ-6/3-40(5557);2019-06-24;ЕМ9140
52.614167;30.816667;АЦ-10,0-40(6317);2019-06-24;АМ1095-3
52.614167;30.816667;АЦ-3,0-40(131);2019-06-24;АК8128-3
54.505647;30.420796;АЦ-40(131)137А;2019-06-24;ВЕ6297
54.505647;30.420796;АЛ-30(131)ПМ-506В;2019-06-24;7517АВ
54.505647;30.420796;АЦ-11,0-40(6317);2019-06-24;АК8412-2
54.505647;30.420796;АБР-0,6/100(5301);2019-06-24;ВА8360
54.505647;30.420796;ПНС-110(131);2019-06-24;2242МИМ
54.501365;30.341024;АЦ-10,0-40(6317);2019-06-24;АК0815-2
54.501365;30.341024;АКП-25РМТ-25D09;2019-06-24;АИ7728-2
54.501365;30.341024;АБР-0,5-0,6(437041);2019-06-24;АВ6536-2
54.501365;30.341024;ПНС-110(131);2019-06-24;2893МИМ
54.501365;30.341024;АХРЗ Mercedes-Benz Actros3336A 6x6;2019-06-24;АА6821-2
54.501365;30.341024;АР-2(131);2019-06-24;АВ7519-2
54.501365;30.341024;АЦ8.0-40(631708);2019-06-24;АИ2423-2
54.501365;30.341024;АМКАДОР;2019-06-24;ВА6995-2
54.501365;30.341024;АРС(131);2019-06-24;АА3096-2
54.503637;30.436557;АЦ-3,0-40(131)137;2019-06-24;АК0299-2
54.503637;30.436557;АЦ-5,0-504(5337А2);2019-06-24;АЕ4835-2
54.488991;30.397996;АЦ-40(130)63Б;2019-06-24;ВА9329
54.488991;30.397996;АЦ-40(131)137А;2019-06-24;ВА9328
54.661810;30.546046;АЦ-5,0-50-4(5337А2);2019-06-24;АВ8870-2
53.132847;29.230710;АЦ-5,0-50/4(5337 А2);2019-06-24;АВ7169-6
53.132847;29.230710;АЦ-10,0-40 (631708);2019-06-24;АЕ6322-6
53.132847;29.230710;АБР 0,5/100(5301);2019-06-24;7263ТА
54.356535;30.400533;АЦ-3,0-40(131);2019-06-24;АК0389-2
54.592964;30.029840;АЦ-3,0-40(131);2019-06-24;АК0422-2
53.930228;25.771131;АЦ-5,0-40/4(533702-270);2019-06-24;АА9046-4
53.945800;26.190162;АЦП-40(5557)6/3;2019-06-24;AI8703-4
53.169638;29.168921;АЦ-8,0-50/4 (631708);2019-06-24;АА2033-6
54.474961;30.321272;АЦ-10,0-40(6317);2019-06-24;АИ7097-2
54.474961;30.321272;АЛ-30(131)Л21;2019-06-24;ВЕ2690
54.160884;25.920619;АЦ-5,0-50-4(5337)А2;2019-06-24;АЕ2676-4
54.035674;25.935187;АЦ-10,0-40/4(6317);2019-06-24;АК0183-4
53.089406;29.232966;АЦ-8,0-50/4 (631708);2019-06-24;7460ТА
52.988143;29.652795;АЦ 5,8-40(530905);2019-06-24;АЕ6065-6
53.120727;29.517813;АЦ-40(131)137А;2019-06-24;2168ТА
53.139741;29.421066;АЦ-40/2,5(433362);2019-06-24;АЕ6074-6
53.087167;28.859292;АЦ-10,0-40(6317);2019-06-24;АI0324-6
53.187569;24.016249;АЛ-30(IFA W50L\DL30);2019-06-24;АЕ0208-4
53.187569;24.016249;АЦ-5,0-40(533702);2019-06-24;АВ5150-4
53.187569;24.016249;АЦ-5,0-40(5434Х3);2019-06-24;АК5736-4
53.150887;29.224279;АЦ-5,0-50/4(5337 А2);2019-06-24;АВ4187-6
53.150887;29.224279;ПНС-110 (131)А;2019-06-24;2177ТА
53.150887;29.224279;АЛ-30(131)ПМ506Д;2019-06-24;4035ТА
53.150887;29.224279;АХР(Люблин-3);2019-06-24;АС5207-6
53.150887;29.224279;ЗИЛ-131АВС(131);2019-06-24;8009ТА
53.150887;29.224279;АР-2(131)133;2019-06-24;5367ТА
53.150887;29.224279;КС-55727-7;2019-06-24;7874ТА
53.150887;29.224279;АД100 Т400РИМ-2;2019-06-24;0587ТА
53.150887;29.224279;АГДЗС-437041;2019-06-24;АЕ6112-6
53.150887;29.224279;АБР-0,6\100(5301);2019-06-24;8193ТА
53.339875;23.931811;АЦ-10,0-40(6317);2019-06-24;АК0175-4
54.111894;31.099587;АЦ-10.0-40(6317);2019-06-24;AI2050-6
54.111894;31.099587;АЦ-5.0-50/4(5337А2);2019-06-24;АА4298-6
54.111894;31.099587;АЛ-30(131)ПМ506В;2019-06-24;ТЕ4787
54.051264;30.841768;АЦ 10,0-40(6317);2019-06-24;АЕ8703-6
54.058075;30.660907;АЦП-6/3;2019-06-24;ТЕ4780
53.569874;31.371787;АЦ-10,0-40 (6317);2019-06-24;AE 9636-6
53.569874;31.371787;АЦ-5,0-50/4 (5337А2370);2019-06-24;AA 9351-6
53.569874;31.371787;АЛ-30(131) ПМ506В;2019-06-24;TE 0763
53.569874;31.371787;АР-2(ЗИЛ131)133;2019-06-24;TE 0766
53.569874;31.371787;ПНС-110(131);2019-06-24;TE 0765
53.569874;31.371787;PUCH-230 GE;2019-06-24;TB 3083
53.569874;31.371787;ВАЗ21214;2019-06-24;4625 EH-6
53.569874;31.371787;GEELYEMGRAND7;2019-06-24;6907IE-6
53.569874;31.371787;ЗИЛММЗ45405;2019-06-24;AA 6183-6
53.569874;31.371787;Одисей-5;2019-06-24;БН
54.012938;31.213003;АЦ-3.0-40(433112);2019-06-24;ТВ1883
53.560780;31.250995;АЦ-3.0-40(131);2019-06-24;AE 9402-6
53.410851;32.585724;АЦ10,0-40(6317);2019-06-24;AE7387-6
53.410851;32.585724;АЦ3,0-40(131);2019-06-24;AE6856-6
53.514847;32.387968;АЦ-10,0-40(6317);2019-06-24;AI3659-6
53.311526;28.652218;АЦ 10,0-40(6317);2019-06-24;AI0331-6
53.311526;28.652218;АЛ-30(131)ПМ506;2019-06-24;ТЕ1797
53.311526;28.652218;АБР-0,6-100(5301);2019-06-24;ТС1902
53.311526;28.652218;АР-2(131);2019-06-24;ТА8242
53.311526;28.652218;ПНС-110(131);2019-06-24;ТА8241
53.311526;28.652218;АЦ-5,0-50/4 (533702);2019-06-24;АА8005-6
53.454380;28.833426;АЦ-40(131)137А;2019-06-24;АЕ6252-6
53.454992;28.587733;АЦ-5,0-50/4 (5337А2);2019-06-24;АВ8315-6
53.169414;28.525402;АЦ 10,0-40(6317);2019-06-24;АЕ8945-6
53.254022;28.921357;АЦ 3,0-40(131);2019-06-24;5358АЕ-6
54.213100;30.287700;АЦ-8,0-50/4(631708);2019-06-24;АЕ0025-6
54.213100;30.287700;АЦ-5,0-40(533702);2019-06-24;АВ1096-6
54.213100;30.287700;АБР-0,6-100(5301ГА);2019-06-24;ТЕ9959
54.183345;30.286132;АЦ-10.0-40(6317Х9);2019-06-24;AI0730-6
54.329199;30.279151;АЦ-10.0-40(6317);2019-06-24;AI0731-6
54.105318;30.104551;АЦ-40(131)137А;2019-06-24;ТЕ4712
54.186837;30.619104;АЦ-40(131)137А;2019-06-24;ТЕ1822
53.610019;31.462392;АЦ-10,0-40 (631708);2019-06-24;AE 2463-6
54.116800;30.454346;АЦ-40(131)137А;2019-06-24;ТЕ1820
54.102553;30.273418;АЦ-5,0-40(5337А2);2019-06-24;АВ6375-6
53.432266;30.986802;АСА0,5-0,4(437041);2019-06-24;ТС5353
53.432266;30.986802;АЦ5,0-40(5434Х3);2019-06-24;AI3188-6
53.574269;30.877361;АЦ10,0-40(6317Х9);2019-06-24;AE9440-6
53.399249;30.921346;АЦ40(131)137А;2019-06-24;АЕ6432-6
53.883495;27.541403;АЛ-30(131);2019-06-24;АЕ3310-7
53.883495;27.541403;АЦ-2,5-50/4(5337);2019-06-24;АI1270-7
53.883495;27.541403;АЦ-2,5-50/4(5337);2019-06-24;АК2731-7
53.913502;27.573186;АБР 0,6/100(ЗИЛ 5301);2019-06-24;АЕ0993-7
53.913502;27.573186;АЦ-2,5-50 (533702);2019-06-24;АЕ9525-7
53.913502;27.573186;АЦ-5,0-40 (530905);2019-06-24;АН7468-7
53.913502;27.573186;АЛ-30 (131);2019-06-24;АЕ3103-7
53.913502;27.573186;АЦ-5-50 (5434);2019-06-24;АР3820-7
53.812103;27.579555;АЦ-4,5/40(5337);2019-06-24;АI2038-7
53.812103;27.579555;АП-5(53215);2019-06-24;АЕ3409-7
53.812103;27.579555;АБР-0,6/100(5301);2019-06-24;АЕ0991-7
53.812103;27.579555;АЦ- 2,5/40(533702);2019-06-24;АЕ9828-7
53.908474;27.635816;АБР-0,6-100(5301ГА);2019-06-24;AA8934-7
53.908474;27.635816;АЦ-2,5-40(533702);2019-06-24;AE9215-7
53.908474;27.635816;ПНС-133(631705);2019-06-24;AK3902-7
53.908474;27.635816;АКП-35(65115);2019-06-24;AB7670-7
53.840912;27.524930;АЦ-5,0/40(5337);2019-06-24;АВ9987-7
53.840912;27.524930;АБР-0,6/100(5301);2019-06-24;АА8906-7
53.840912;27.524930;АЛ-30(131);2019-06-24;КЕ1799-7
53.840912;27.524930;АЦ-5,0/40(5337);2019-06-24;АВ0952-7
53.945698;27.610259;АБР 2,0-33 (437041);2019-06-24;КС 8674
53.945698;27.610259;АЦ 10.0-40(6317);2019-06-24;АО2274-7
53.945698;27.610259;АКП-32(14741);2019-06-24;АА0219-7
53.945698;27.610259;АЦ 5.0-50(533702);2019-06-24;АМ0645-7
53.873537;27.905383;АЦ-10,0-40(6317);2019-06-24;АО7998-7
53.873537;27.905383;АСА-0,5/0,4(4370);2019-06-24;АА6442-7
53.873537;27.905383;АЛ-30(131);2019-06-24;АЕ3477-7
53.886859;27.621066;АЦ-5-50/2(5337А2);2019-06-24;AM3806-7
53.886859;27.621066;АЦ-5-40(5434);2019-06-24;AO6248-7
53.901748;27.595994;АБР(Крафтер);2019-06-24;AE8619-7
53.901748;27.595994;АЦ-5.0-40(5434ХЗ);2019-06-24;AР5762-7
53.901748;27.595994;АБР(437043);2019-06-24;AI4949-7
53.901748;27.595994;АСА-RW-2(437040);2019-06-24;KI1887-7
53.901748;27.595994;АЛ-30(131);2019-06-24;KC9905
53.901748;27.595994;АВ-7-40(53215);2019-06-24;AB0859-7
53.901748;27.595994;МУ-320-1;2019-06-24;KA2067-7
53.901748;27.595994;ДГ-125;2019-06-24;MA2672
53.887926;27.595778;АЦ-2,5-50(5337А2);2019-06-24;АК2732-7
53.887926;27.595778;АЦ-5,0-50(533702);2019-06-24;АЕ8631-7
53.887926;27.595778;АКТПЛ-24(Mercedec);2019-06-24;АМ8813-7
53.887926;27.595778;АЦ-5,0-40(5434);2019-06-24;АС1626-7
53.887926;27.595778;АГДЗС-(437040);2019-06-24;КI6575-7
53.858198;27.561781;АБР-0,6/100 (5301);2019-06-24;АВ0574-7
53.858198;27.561781;АЦ-5,0-50 (5337А2);2019-06-24;АО3512-7
53.858198;27.561781;АДУ-100(66);2019-06-24;АЕ3980-7
53.858198;27.561781;АЛ-30 (5340);2019-06-24;АС3126-7
53.854932;27.639212;АБР-0,5-0,4(437043);2019-06-24;АК2800-7
53.854932;27.639212;АЦ-5,0-50/4 (530905);2019-06-24;АН9029-7
53.854932;27.639212;АПК-32 (5340В3);2019-06-24;АР0871-7
53.854932;27.639212;АЛ-53 DLK Metz;2019-06-24;4139КА
53.854932;27.639212;АЦ-10,0-40(6317);2019-06-24;AР0982-7
53.892378;27.502866;АБР-0,5-0,4 (IVECO CARGO 130);2019-06-24;АО9341-7
53.892378;27.502866;АЦ-5,0-50 (533702);2019-06-24;АК3796-7
53.892378;27.502866;АЛ-31 (5337);2019-06-24;КЕ6931
53.892378;27.502866;АЦ-5.0-40/4 (5434);2019-06-24;АР0152-7
53.892378;27.502866;Прицеп 5Л94;2019-06-24;1502КВ
53.893158;27.449003;АБР 0,6/100 (5301 ГА);2019-06-24;КЕ9812
53.893158;27.449003;АЦ-5,0-50/4 (530905АС);2019-06-24;АН9028-7
53.893158;27.449003;АЦ-5-50/40 (5337А2);2019-06-24;АК9615-7
53.893158;27.449003;АЛ-30 (131);2019-06-24;АЕ3726-7
53.893158;27.449003;ПНС-110 (131А);2019-06-24;КС0204
53.893158;27.449003;АР-2 (131);2019-06-24;АЕ3731-7
53.815117;27.686562;АСА-0,5-0,4 (437041);2019-06-24;AA2970-7
53.815117;27.686562;АЦ-10.0-40 (6317);2019-06-24;АО800-7
53.815117;27.686562;АКП-30-3 `BRONTO SKYLIFT` (53213);2019-06-24;АЕ3329-7
53.815117;27.686562;АЦ-4,5-66(533702);2019-06-24;АИ1999-7
53.933454;27.480390;АБР(4371);2019-06-24;АР1727-7
53.933454;27.480390;АЦ-5,0-50/0,5(5434);2019-06-24;АР3822-7
53.933454;27.480390;АЛ-30;2019-06-24;КI4100
53.933454;27.480390;АЛ-50;2019-06-24;АЕ3367-7
53.933454;27.480390;АЦ-ПКА-5,0-67/4;2019-06-24;АК6913-7
53.933454;27.480390;ЛОДКА;2019-06-24;АВ8494-7
53.933454;27.480390;АЦ-11,0-67-4;2019-06-24;АК6914-7
53.873399;27.410375;АБР2,0-100/4(437043);2019-06-24;АК 39-85-7
53.873399;27.410375;АЦ-5,0-50 (5337А2);2019-06-24;АК 32-92-7
53.873399;27.410375;АКП-32(53215);2019-06-24;КН 06-56-7
53.854507;27.673177;АЦ-5,0-40(533702);2019-06-24;АВ6484-7
53.854507;27.673177;АЦ-5,0-50/4(530905);2019-06-24;АМ6538-7
53.854507;27.673177;АВПТ-5.0-25 (6312);2019-06-24;АН3040-7
53.854507;27.673177;АЛ-31(5337);2019-06-24;8518КА
53.854507;27.673177;АБР-0,5-0,4(437043);2019-06-24;АО4157-7
53.877370;27.652660;АЦ-5.0-40(5337А2);2019-06-24;АН3034-7
53.877370;27.652660;АВПТ-8.0-50(631708);2019-06-24;АН3033-7
53.877370;27.652660;АЛ-31 (433362);2019-06-24;6507КА
53.912516;27.460115;АЦ-10,0-40 (6317);2019-06-24;AО8737-7
53.912516;27.460115;АЛ-30 (131);2019-06-24;1175КI
53.912516;27.460115;АСА-0,5-0,4 (437041);2019-06-24;" АА6403-7"
53.912516;27.460115;АЦ-5,0-40 (533702);2019-06-24;АВ0575-7
53.846518;27.454617;АЦ-5,0-50(5337);2019-06-24;АО3217-7
53.846518;27.454617;АЦ-4,5/045-40/4(533702);2019-06-24;АI2037-7
53.846518;27.454617;АЛ-30 (131);2019-06-24;АЕ3866-7
53.846518;27.454617;АВ-7-40 (53215);2019-06-24;9379КЕ
53.863630;27.489283;АБР-0.6/100(5301ГА);2019-06-24;АР3821-7
53.863630;27.489283;АЦ-2.5-50 (533702);2019-06-24;АI1300-7
53.863630;27.489283;АЦ-10,0-40(6317);2019-06-24;АО1660-7
53.863630;27.489283;АЛ-30 (131);2019-06-24;6923КЕ
53.863630;27.489283;АКП-30 (330) СИСУ;2019-06-24;АЕ3866-7
53.863630;27.489283;АЦ-5,0-50(5434);2019-06-24;АР1445-7
53.807323;30.954705;АЦ10,0-40(6317);2019-06-24;АI4631-6
53.807323;30.954705;АЦ5,0-50-4(5337А2);2019-06-24;АВ1035-6
53.807323;30.954705;АСА0,5-0,4;2019-06-24;АА1935-6
53.877410;31.086370;АЦ10,0-40(6317);2019-06-24;АЕ8273-6
53.673985;30.681442;АЦ3,0-40(433112);2019-06-24;ТЕ9792
53.736350;31.097978;АЦ40(131)137А;2019-06-24;АЕ9770-6
53.978023;30.803499;АЦ40(131)137А;2019-06-24;AI0795-6
53.865260;27.512981;АЦ-10,0-40(6317);2019-06-24;АР1108-7
53.553865;26.153937;АЦ-5,0-40(5434Х3);2019-06-24;АК6044-4
53.553865;26.153937;АЦ-5,0-50/4(5337А2);2019-06-24;АЕ3653-4
53.152623;24.806887;АЦ-10,0-40(6317);2019-06-24;AI8071-4
53.454815;26.458581;АЦ-5,0-40/4(533702);2019-06-24;АА8812-4
53.454815;26.458581;АЦП-40(5557)6/3;2019-06-24;АА0936-4
53.454815;26.458581;АБР-0,5-0,4(LT46);2019-06-24;АА0950-4
53.083749;24.874934;АЦ-10,0-40(631708);2019-06-24;АЕ8662-4
53.567528;26.333576;АЦ-10,0-40(6317);2019-06-24;АК0185-4
53.452086;25.945173;АЦ-40(131)137А;2019-06-24;АЕ5771-4
53.431589;26.133438;АЦ-5,0-50/4(533702);2019-06-24;АА5275-4
53.020998;24.769032;АЦ-40(130)63Б;2019-06-24;АА7787-4
53.897533;25.294115;АЦ-10,0-40(6317Х9);2019-06-24;AK2418-4
54.609919;25.944019;АБР 0,4-0,5(437043);2019-06-24;AE6939-4
54.609919;25.944019;АЦ 10,0- 40 /4 (6317);2019-06-24;AK3083-4
53.905334;25.316742;АЦ-5,0-40(5337А2);2019-06-24;АЕ1555-4
53.905334;25.316742;АВПТ-5,0-40(5337);2019-06-24;АА4555-4
53.905334;25.316742;АВПТ40(131)137А;2019-06-24;AI6024-4
53.719493;25.509375;АЦ-10,0-40(6317Х9);2019-06-24;АК3160-4
53.934824;25.252846;АБР0,4/100 Фольксваген-Крафтер;2019-06-24;AA9225-4
53.934824;25.252846;АКП-РМТ-25D09(5337А2);2019-06-24;AI4863-4
53.934824;25.252846;АЦ-5,0-40/4(533702);2019-06-24;АВ5155-4
53.934824;25.252846;АХРЗ-ЛЮБЛИН-3(3324)66KW;2019-06-24;7124CI
53.934824;25.252846;АР-2(131);2019-06-24;АА1487-4
53.650436;25.310611;АЦ-3.0-40(131);2019-06-24;AI8676-4
53.930113;25.510935;АЦ-3,0-40(131);2019-06-24;AI4911-4
53.832586;24.964961;АЦ-40(130)63Б;2019-06-24;СВ1075
53.951151;27.671012;АЦ-10,0/40 (6317);2019-06-24;АО8000-7
53.951151;27.671012;АДУ-210(530905);2019-06-24;АК8845-7
53.951151;27.671012;АЛ-55(Iveco Magirus);2019-06-24;АЕ9250-7
53.951151;27.671012;АСА-0,5-0,4 (437041);2019-06-24;АА3154-7
53.951151;27.671012;АКП-90(BRONTO);2019-06-24;АВ9000-7
53.951151;27.671012;АЦ-2,5-40 (533702);2019-06-24;АI1288-7
53.751775;25.211821;АЦ-40(431412)63Б;2019-06-24;АА1442-4
53.932728;27.610807;АБР-0,5/0,4 (5301ГА);2019-06-24;АЕ1070-7
53.932728;27.610807;АКП-24 (5337А2);2019-06-24;АН5966-7
53.932728;27.610807;АП-5 (53213);2019-06-24;АЕ3370-7
53.932728;27.610807;АЦ-2,5-40 (533702);2019-06-24;AI2134-7
53.910796;30.307974;АЦ-11.0-50(6317);2019-06-24;AI0658-6
53.910796;30.307974;АБР-0,6/40(5301);2019-06-24;AB7407-6
53.910796;30.307974;АЛ-30(131)506Д;2019-06-24;АВ7409-6
53.910796;30.307974;АЦ-5,0-40/4 (533702);2019-06-24;АА7278-6
53.929532;27.701726;АКП-32 (43118);2019-06-24;АА2015-7
53.929532;27.701726;АВПТ-8,0-50 (631708);2019-06-24;AI6338-7
52.892194;28.697476;АЦ-5,0-50/4(5337А2);2019-06-24;AB7541-6
52.892194;28.697476;АЦ-10,0-40(6317);2019-06-24;AE8935-6
52.892194;28.697476;АБР-0,5-0,4(437041);2019-06-24;TA7597
53.065537;28.667752;АЦ-40(131)137А;2019-06-24;AB2071-6
52.737246;28.543105;АЦ-10,0-40(6317Х9);2019-06-24;AI2688-6
53.934203;30.369100;АЦ 5.0-50/4(5337A2);2019-06-24;АВ7952-6
53.934203;30.369100;АЦ-10.0-40(631708);2019-06-24;АI2977-6
53.934203;30.369100;АБР-0,6/40(5301);2019-06-24;ТЕ6396-6
53.934203;30.369100;АЛ-30(131)ПМ506В;2019-06-24;ТЕ1912
53.885365;30.406218;АЦ 10.0-40(МАЗ 631708);2019-06-24;АЕ7724-6
53.969004;30.343063;АЦ 5,0-50/4(530905);2019-06-24;АE0572-6
53.888816;30.292750;АЦ-40 (130)63А;2019-06-24;АВ9303-6
53.888816;30.292750;АСА(2705);2019-06-24;АВ1125-6
53.926828;30.269195;АЦ 10.0-40 (6317);2019-06-24;АЕ8394-6
53.926828;30.269195;АКП-48 (651669);2019-06-24;АА4683-6
53.934203;30.369100;АЦ-10,0-40 (6317);2019-06-24;АI1891-6
53.829402;30.351262;АЦ 10,0-40 (6317Х9);2019-06-24;АЕ 8849-6
54.149945;25.312660;АЦ-40(131)137А;2019-06-24;AA7785-4
53.928193;24.795396;АЦ-3,0-40(131);2019-06-24;AI8804-4
54.097354;25.151346;АЦ-10,0-40(6317Х9);2019-06-24;AK3150-4
53.412421;24.530036;АЦ-10,0-40(6317);2019-06-24;АК0177-4
53.412421;24.530036;АБР-1(ГАЗ2705);2019-06-24;0072СН
53.412421;24.530036;АР-2 (КАМАЗ)-43106;2019-06-24;АА6376-4
53.412421;24.530036;АЦ-40(131)137А;2019-06-24;АА7795-4
53.350855;24.886683;АЦ-100-40(6317);2019-06-24;АК2395-4
53.440713;24.257171;АЦ-5,0-40,4(5337А2);2019-06-24;АЕ2689-4
53.331011;24.737325;АЦ-10,0-40(6317);2019-06-24;АК0712-4
53.484119;29.337654;АЦ10-40(6317);2019-06-24;АI0348-6
53.484119;29.337654;АЦ5,0-40-4(533702);2019-06-24;ТА7513
53.484119;29.337654;АБР0,5-0,4(437041);2019-06-24;ТА7594
53.402555;29.227401;АЦ8,0-50-4(631708);2019-06-24;АВ7079-6
53.598910;29.695954;АЦП40-6-3(УРАЛ);2019-06-24;ТА3374
53.510818;29.131943;АЦ5,8-40(530905);2019-06-24;АЕ0326-6
54.821300;29.699309;АЦ-8,0-40(631708);2019-06-24;АЕ9864-2
54.821300;29.699309;АЦ-10,0-40(6317);2019-06-24;АК2668-2
54.821300;29.699309;АБР-0,6-100(5301);2019-06-24;АА6858-2
54.402890;29.717714;АЦ-10,0-40(6317);2019-06-24;АI9983-2
54.402890;29.717714;АЦ-5,0-40(5337А2);2019-06-24;АЕ0265-2
55.361315;27.467753;АЦ-10,0-40(6317);2019-06-24;АК0603-2
55.361315;27.467753;АЦ-10,0-40(6317);2019-06-24;AK0867-2
54.951994;30.032890;АЦ-40(131)137А;2019-06-24;ВЕ6058
54.685260;29.605357;АЦ-3,0-40(131);2019-06-24;АК0312-2
55.353793;27.869850;АЦ-3,0-40(131);2019-06-24;АК0497-2
55.177777;28.618089;АЦ-10,0-40(6317);2019-06-24;АК6798-2
55.177777;28.618089;АЦ-10,0-40(6317);2019-06-24;АК5977-2
54.756800;30.101630;АЦ-40(131)137А;2019-06-24;ВЕ6466
54.257507;29.794331;АЦ 10,0-40 (6317);2019-06-24;"82-65 АЕ "
54.257507;29.794331;АЦ 5,0-50/4(5337А2);2019-06-24;"72-82 АВ "
54.257507;29.794331;АСА 0,2-0,4 (437041);2019-06-24;"36-28 АА "
54.554330;29.973070;АЦ-3,0-40(131);2019-06-24;АК0407-2
54.842870;30.213420;АЦ-40(131)137А;2019-06-24;АВ4113-2
54.842870;30.213420;АЦП40-6-3(5557);2019-06-24;ВЕ6441
53.698572;31.679802;АЦ10,0-40/100;2019-06-24;АЕ-9505-6
53.698572;31.679802;АЛ-30 (131)ПМ506;2019-06-24;ТЕ-1677
53.698572;31.679802;АБР5301ГА;2019-06-24;ТЕ-1000
53.698572;31.679802;АНР-40(130);2019-06-24;ТЕ-0731
53.698572;31.679802;МАЗ5516А5375;2019-06-24;АА-9108-6
53.698572;31.679802;АЦ-5,0-50/4(5337А2);2019-06-24;АА-9245-6
54.445350;30.024650;АЦ-40(131)137А;2019-06-24;ВЕ6319
54.445350;30.024650;АЦ-5,0-50(5337А2);2019-06-24;АI2421-2
53.770664;31.450426;АЦ-8.0-50/4(631708);2019-06-24;АА-4595-6
53.840612;31.759531;АЦП-40-6/3;2019-06-24;АА92-45-6
54.603010;29.557000;АЦ-10,0-40(6317);2019-06-24;АК0902-2
55.063895;28.429127;АЦ40(131)137А;2019-06-24;ВЕ6343
53.331671;31.388601;АЦ-10,0-40(6317);2019-06-24;АЕ6884-6
53.331671;31.388601;АБР-0,6-100(5301ГА);2019-06-24;ТС5028
53.331671;31.388601;АЦ50-40(5434);2019-06-24;АI3660
55.269910;28.966670;АЦ3,0-40(131)137А;2019-06-24;АК0313-2
53.225033;31.558548;АЦ-3,0-40(131);2019-06-24;АЕ6868-6
53.157589;29.689331;АЦ-3,0-40(131);2019-06-24;АЕ9114-6
53.372705;29.817199;АЦ-40(130)63Б;2019-06-24;ТА3349
55.297421;29.607001;АЦ-5,0-50(533702);2019-06-24;АЕ6076-2
55.297421;29.607001;АЦ-10,0-40(6317);2019-06-24;АI9984-2
55.297421;29.607001;М-БTLF8T;2019-06-24;ВЕ2447
55.342805;29.309603;АЦ-40(131)8Т311;2019-06-24;ВЕ6052
55.443470;29.589020;АЦ-10,0-40(6317Х9);2019-06-24;АК3309-2
55.907290;28.816340;АЦ-5,0-40/4(533702);2019-06-24;АЕ6077-2
55.907290;28.816340;АЦ-10,0-40(6317Х9);2019-06-24;AК6928-2
55.907290;28.816340;АБР-0,6/100(5301);2019-06-24;АЕ6493-2
53.810574;30.226580;АЦ11.0.-40(6317);2019-06-24;AI7437-6
54.247179;29.540722;АЦ-40(131)137А;2019-06-24;99-17 АЕ
53.995931;30.175764;АЦ-8.0-50/4(631708);2019-06-24;AE5944-6
54.159903;29.838459;АЦ 10,0-40(6317);2019-06-24;"21-54 АI "
54.004663;30.507896;АЦ5.0 -50/4(5337А2);2019-06-24;АВ3447-6
54.312790;29.618928;АЦ-40(131)137А;2019-06-24;52-28 ТЕ
53.730529;30.252106;АЦ-5.0-50(5434);2019-06-24;AI4672-6
54.119261;29.558836;АЦ-40(131)137А;2019-06-24;49-13 ТЕ
54.299379;30.981672;АЦ-10,0-40(6317Х9);2019-06-24;АЕ8790-6
54.299379;30.981672;АЦ-5,0-50/4 (5337А2);2019-06-24;АА4581-6
54.299379;30.981672;АЛ-30(131) 506В;2019-06-24;АЕ8715-6
54.299379;30.981672;АБР-0,5-0,4(5301Е2);2019-06-24;АА2166-6
54.299379;30.981672;ПНС-110(131)133;2019-06-24;АА4201-6
54.299379;30.981672;АР-2(131);2019-06-24;АА4199-6
54.299379;30.981672;ЛОДКА СМВ-430;2019-06-24;А2094А-6
54.259423;30.983147;АЦ 10.0-40(6317);2019-06-24;АЕ2376-6
54.222050;30.781902;АЦ5,0-50/4(533702);2019-06-24;АА4487-6
53.611280;31.961171;АЦ10,0-40(6317Х9);2019-06-24;AI1403-6
53.611280;31.961171;АЦ10,0-40(6317);2019-06-24;АЕ3779-6
53.611280;31.961171;АЦ5,0-50/4(533702);2019-06-24;АА6006-6
53.747424;32.232282;АЦ-8Т311М(131);2019-06-24;ТЕ3797
53.693071;32.264842;АЦ3,0-40(131);2019-06-24;АЕ6832-6
53.524747;32.148071;АЦ3,0-40(131);2019-06-24;АЕ7488-6
55.117454;26.859102;АХРЗ Люблин 3 3324;2019-06-24;АА6841-2
55.117454;26.859102;АЦ 10,0-40 (6317);2019-06-24;АI9980-2
55.117454;26.859102;АЦ 5,0-50/4 (533702);2019-06-24;АЕ0547-2
55.117454;26.859102;ПНС-110(131)137;2019-06-24;АЕ1463-2
55.117454;26.859102;АНР-40(130)127А;2019-06-24;ВЕ26-83
55.117454;26.859102;АСА(УАЗ-3962);2019-06-24;ВЕ6301
55.117454;26.859102;АЦ-10,0-40(6317);2019-06-24;АК6052-2
54.367310;31.238418;АЦ 3,0-40(131);2019-06-24;АЕ6968-6
55.050038;26.316291;АЦ-40(131)137А;2019-06-24;ВЕ6360
55.155195;27.381858;АЦ-40(131)137А;2019-06-24;ВЕ6361
55.139921;27.206515;АЦ-2,5-40(131)004ПС;2019-06-24;ВЕ2593
54.675570;29.137980;АЦ 5,0-50/4 (МАЗ 5337 А2);2019-06-24;АЕ3741-2
54.675570;29.137980;АЦ 10,0-40 (6317) Х9;2019-06-24;АI4289-2
54.675570;29.137980;АЦ 10,0-40 (6317) МАЗ;2019-06-24;АК0866-2
54.675570;29.137980;АБР (0,5-0,4) 5301 ) ЗИЛ 9503 АМ;2019-06-24;АВ2327-2
54.675570;29.137980;АЛ 30 (131) ПМ 506;2019-06-24;ВА7626
54.848890;29.157121;АЦ 5,0-50/4 (МАЗ 5337 А2);2019-06-24;АЕ6842-2
54.848890;29.157121;АР 2 (131) 132;2019-06-24;АВ3971
54.848890;29.157121;АЦ-10,0-40(6317);2019-06-24;АК5983-2
54.599990;28.818430;АЦ 40 (131) 137А;2019-06-24;ВЕ6422
53.362836;32.053811;АЦ-10,0-40(6317);2019-06-24;АI 3622-6
53.362836;32.053811;АЦ-5.0-50/4(533702);2019-06-24;АА 6431-6
53.362836;32.053811;МАЗ 5337А2 РТМ-25D.09;2019-06-24;AI 3668-6
53.362836;32.053811;АБР 0,6/100 5301 ГА;2019-06-24;ТЕ 83-30
53.362836;32.053811;АР-2(131);2019-06-24;ТВ 5183
53.362836;32.053811;ПНС-110(131);2019-06-24;ТВ 5182
53.362836;32.053811;МАЗ 6303 КС 55727-7;2019-06-24;АА 6617-6
53.290095;32.081898;АЦ-10,0-40(6317);2019-06-24;АЕ 7481-6
53.411966;32.162462;АЦ-8,0-40(631708);2019-06-24;АВ 5750-6
55.890552;28.608566;АЦ-10,0-40(6317);2019-06-24;АI9979-2
55.816151;29.273203;АЦ-40(131)137А;2019-06-24;ВЕ6324
55.820875;28.800213;АЦ-40(131)137А;2019-06-24;ВА8441
55.458385;29.986017;АЦ-10,0-40(631708);2019-06-24;АI7768-2
55.458385;29.986017;АКП - РМТ-25D (5337А2);2019-06-24;АI7726-2
55.669320;30.335660;АЦ-40(131)137А;2019-06-24;ВЕ6308
55.677840;29.992050;АЦ-5,0-40(533702);2019-06-24;АА6686-2
52.118100;23.889780;АБР-0,5-0,4(5301);2019-06-24;АВ0796-1
52.118100;23.889780;АЦ 5,0-50/6,6(5337А2-370);2019-06-24;АI7711-1
55.835620;29.987330;АЦ-40(131)137А;2019-06-24;ВА6758
55.410140;30.726390;АЦ-10,0-40(6317);2019-06-24;АК2753-2
52.108410;23.692210;АЦ-5,0-50/4 (5337А2);2019-06-24;0268АI-1
55.358890;30.070060;АЦ-5,0-50(5337А2);2019-06-24;АЕ4998-2
55.439060;30.711090;АЦ-3,0-40(131);2019-06-24;АК0300-2
55.124530;30.147750;АЦ-10,0-40(6317);2019-06-24;АI9981-2
55.007290;30.299090;АЦ-10,0-40(6317);2019-06-24;АК0924-2
55.293020;30.700360;АЦ-40(131)137А;2019-06-24;ВЕ2702
52.085240;23.718560;АБР-0,4/100(Крафтер);2019-06-24;АВ7278-1
52.085240;23.718560;АЦ 5,0-50/4(533702);2019-06-24;АЕ6013-1
52.085240;23.718560;АЛ-55;2019-06-24;6774АЕ-1
52.205640;23.675720;АЦ-10,0-40(6317);2019-06-24;АК9468-1
54.894357;27.778488;АЦ 10,0-40 (6317)017;2019-06-24;АI7092-2
54.894357;27.778488;АЦ-40(131)137;2019-06-24;ВА3047
55.646492;27.044440;АЦ-10,0-40(6317);2019-06-24;АК0290-2
55.646492;27.044440;ПНС-110(131)137А;2019-06-24;АВ6539-2
55.646492;27.044440;АБР-ГАЗ2705;2019-06-24;АА2933-2
54.733962;28.061690;АЦ 5,0-50/4(5337А2);2019-06-24;АЕ0266-2
54.733962;28.061690;АЦ-10,0-40(6317);2019-06-24;АН0018030
51.761020;23.666180;АЦ-40(131)137А;2019-06-24;МИМ1291
55.589311;26.683554;АЦ-3,0-40(131);2019-06-24;АК0314-2
54.925185;27.374552;АЦ-3,0-40(131);2019-06-24;АК0316-2
55.787430;27.463809;АЦ-40(131)137А;2019-06-24;АВ6540-2
54.897660;27.993570;АЦ-3,0-40(131);2019-06-24;АК0390-2
55.811649;27.032713;АЦ-40(131)137А;2019-06-24;ВЕ6334
55.396481;26.627553;АЦ-40(131)137А;2019-06-24;ВЕ6333
55.005880;27.765690;АЦ-40(130)63Б;2019-06-24;ВА6430
52.030760;23.800630;АЦ-40(131)137А;2019-06-24;АМ7494
52.110030;23.755710;АЦ-5,0-40/4(5337);2019-06-24;АВ5929-1
52.110030;23.755710;АЛ-30;2019-06-24;АА1076-1
51.560800;23.595680;АЦ-6,0-40 5557;2019-06-24;АА8557-1
52.060960;23.748730;АБР-0,4/100(Крафтер);2019-06-24;АК5235-1
52.060960;23.748730;АЦ-40(130)63Б;2019-06-24;АС0063
55.758220;27.952020;АЦ10,0-40(6317Х9);2019-06-24;АК2954-2
55.758220;27.952020;АЦ-5,0-40/4(5337 А2);2019-06-24;АЕ0343-2
55.758220;27.952020;АБР 0504 (5309)Е2;2019-06-24;АВ3282-2
55.837250;27.746880;АЦ-10,0-40(6317Х9);2019-06-24;АК6929-2
55.916480;27.884330;АЦ-3,0-40(131);2019-06-24;АК0315-2
56.015670;28.111590;АЦ-10,0-40(6317);2019-06-24;АК0618-2
52.527870;24.957690;АЦ-10.0-40(6317);2019-06-24;АК 1773-1
52.527870;24.957690;АБР-06/100;2019-06-24;АЕ 3040
52.527870;24.957690;АЛ-30(131)506ПМ;2019-06-24;2989 БНО
52.527870;24.957690;АЦ-5.0-50/4(533702);2019-06-24;АВ-0504-1
52.473180;25.188000;АЦ-5,0-50/4(533702);2019-06-24;АЕ 8645-1
52.473180;25.188000;АЦ-10.0-40(6317);2019-06-24;АК 8472-1
52.473180;25.188000;АСА (ГАЗ66);2019-06-24;7009 АС
52.473180;25.188000;АЦ-40(131)137А;2019-06-24;0180 АС
52.351960;24.891660;АЦ-3.0-40(131);2019-06-24;АК 5669-1
52.500640;24.705690;АЦ-3,0-40(131);2019-06-24;АК 5979-1
52.432970;25.321010;АЦ-40(130)63Б;2019-06-24;АМ 2511
55.183568;30.208583;АЦ-5,0-40/4(533702);2019-06-24;АЕ0534-2
55.183568;30.208583;АБР-0,4/100 (VW50 Crafter);2019-06-24;АВ6891-2
55.183568;30.208583;ПНС-110(131);2019-06-24;ВА9161
55.183568;30.208583;АЦ-5,0-50/4(5337А2);2019-06-24;АЕ6843-2
52.761801;26.417454;AЦ-10.0-40(6317);2019-06-24;АК6860-1
52.761801;26.417454;АСА-437041;2019-06-24;АВ2463-1
52.761801;26.417454;АР-2(131)133;2019-06-24;АК3497-1
52.761801;26.417454;АЦ-5.0-50/4(533702);2019-06-24;АЕ7880-1
54.756747;26.086526;АЦ-8,0-50/4(6317);2019-06-24;AK3173-4
54.756747;26.086526;АХРЗ (Atego);2019-06-24;AK3094-4
54.756747;26.086526;АВ-8,0-50 (6317);2019-06-24;AK3085-4
54.756747;26.086526;АП-5000 (6317);2019-06-24;AK3089-4
54.756747;26.086526;АЦ-5,0-50/4(530905);2019-06-24;AK3078-4
54.756747;26.086526;ПНС-133 (6317);2019-06-24;AK3087-4
54.617964;26.039125;АЦ-3,0-40(131);2019-06-24;AI8678-4
52.958520;24.126102;АЦ-10.0-40/2 (IVECO Trakker);2019-06-24;AI8531-4
52.936924;24.379784;АЦ-5.0-50/4(533702);2019-06-24;AA8824-4
52.881000;24.554263;АЦ-40(131)137А;2019-06-24;АК8744-4
52.55173;24.48578;АЦ-40(131)137А;2019-06-24;АС 0818
52.55173;24.48578;АБР-0,6-100(5317);2019-06-24;АЕ 9765
52.55173;24.48578;АР-2(131)133;2019-06-24;AI 1879-1
52.55173;24.48578;ПНС-110(131);2019-06-24;АI 1877-1
52.705320;24.363020;АЦ-40(130)63Б;2019-06-24;0821АС
54.859800;25.875000;АЦ-10-50(6317);2019-06-24;AI8073-4
52.680204;24.671693;АЦ-5,0-40(5557);2019-06-24;9498АА-1
54.863431;26.305230;АЦ-6,0-40(5557);2019-06-24;CB1272-4
52.854080;24.614120;АЦ-40(131)137А;2019-06-24;0822АС
52.658047;24.167009;АЦ-40(130)63Б;2019-06-24;3589АК-1
52.867230;24.878700;АЦ-10,0-40(6317);2019-06-24;АК6426-1
52.561170;24.211330;АЦ-40(130)63Б;2019-06-24;1315МИМ
52.561170;24.211330;АЦ3,0-40(131);2019-06-24;АК5488-1
53.598456;25.849663;АЦ-5,0-50/4(533702);2019-06-24;AE0225-4
53.598456;25.849663;АЦ-10,0-40(6317);2019-06-24;AK0719-4
53.598456;25.849663;АБР-0,6/100(5301);2019-06-24;AA6938-4
53.598456;25.849663;АЛ-30(131)ПМ506;2019-06-24;AK0969-4
53.759720;25.833941;АЦ-3,0-40(131);2019-06-24;AI8767-4
53.702720;26.102064;АЦ-10,0-40(6317);2019-06-24;AI8069-4
52.827023;26.724356;АЦ-40(5557);2019-06-24;2888АВ
52.630030;26.509079;АЦ-10,0-40(6317);2019-06-24;АМ1231-1
52.626547;26.148397;АЦ-11,0-40(6317);2019-06-24;АМ92-76-1
52.727459;26.967587;АЦ-40(130)63Б;2019-06-24;АК3492-1
52.715186;25.340784;АЦ-10,0-40(6317);2019-06-24;АК8444-1
52.715186;25.340784;АБР-0,5-0,4(437043);2019-06-24;АЕ9659-1
52.715186;25.340784;АЛ-30(131)Л21;2019-06-24;1083МИМ
52.715186;25.340784;АЦ-40(130)63Б;2019-06-24;AI2196-1
52.879811;25.497947;АЦ-5,0-50;2019-06-24;8294АЕ-1
52.185270;25.145080;АЦ-10,0-40(6317);2019-06-24;АМ5075-1
52.185270;25.145080;АЦ-40(130)63Б;2019-06-24;1698МИМ
52.575553;25.477566;АЦ-40(131)137;2019-06-24;АС0824
52.148840;24.866910;АЦ-3,0-40(131);2019-06-24;АК5888-1
52.502663;25.913289;АЦ-3,0-40(131);2019-06-24;АМ0409-1
52.210420;24.357930;АЦ-10,0-40(631708);2019-06-24;АК9392-1
52.210420;24.357930;АЛ-30(131)Л21;2019-06-24;АК3657-1
52.210420;24.357930;АР-2(131);2019-06-24;АК3635-1
52.210420;24.357930;ПНС-110(131);2019-06-24;АК3655-1
52.210420;24.357930;ЛАФ-1113;2019-06-24;АК3638-1
52.210420;24.357930;АЦ-5,0-40(533702);2019-06-24;АВ3748-1
52.821290;25.708010;АЦ-40(130)63Б;2019-06-24;9374БНМ
52.397850;23.823710;АБР 0,6/100;2019-06-24;АЕ9996
52.397850;23.823710;АЦ-5,0-40/4;2019-06-24;АВ0086-1
52.500474;25.555750;АЦ-40(130)63Б;2019-06-24;АС0828
55.204157;30.178055;АЦ-5,0-40/4(533702);2019-06-24;АВ6537-2
55.204157;30.178055;АЦ-10,0-40(631708);2019-06-24;АI7765-2
55.204157;30.178055;АЛ-30(131)Л21;2019-06-24;ВА9257
52.200960;24.323010;АЦ-5,0-40-4(533702);2019-06-24;АВ3702-1
52.200960;24.323010;АЦ-40(131)137;2019-06-24;АА6227-1
52.200960;24.323010;АБР-0,4-130(437041);2019-06-24;АЕ0261-1
55.171661;30.167516;АЦ-5.0-40/4(533702);2019-06-24;АВ6890-2
55.171661;30.167516;АЦ-40(131)137А;2019-06-24;ВЕ2457
52.753532;25.150362;АЦ-8,0-40;2019-06-24;АI4921-1
52.085400;25.239500;АЦ-40(130)63Б;2019-06-24;АК3506-1
51.956410;24.578920;АЦ-5,0-40(5337А2);2019-06-24;AI4936-1
51.956410;24.578920;АЦ 3,0-40(131);2019-06-24;AK7788-1
52.526364;25.842040;АЦ-10,0-40;2019-06-24;КК6418-1
52.526364;25.842040;АБР-АЦ-2,0-40(431041);2019-06-24;АА6894-1
52.240360;24.225700;АЦ-40(130)63Б;2019-06-24;АК3637-1
51.970770;24.936760;АЦ-40(130)63А;2019-06-24;0932БНК
55.300705;30.309272;АЦ-10,0-40(6317);2019-06-24;АК0865-2
55.300705;30.309272;АЦП-40(6/3);2019-06-24;2706ВЕ
52.214710;24.675250;АЦ 10,0-40(6317Х9);2019-06-24;AM0283-1
52.332300;25.191420;АЦ-10,0-40(6317);2019-06-24;AK7546-1
52.325080;24.550070;АЦ-40(130)63Б;2019-06-24;2965-АМ
52.205514;24.791780;АЦ-40(130)63Б;2019-06-24;AC4135
55.189140;30.262028;АЦ-5,0-40/4 (5337А2);2019-06-24;АЕ4882-2
55.189140;30.262028;АЦ-10,0-40(6317);2019-06-24;АИ7765-2
52.364690;23.381320;АЦ-10-40(6317);2019-06-24;АК0640-1
52.364690;23.381320;АЦ-40(131)137;2019-06-24;1408МИМ
55.226505;30.264440;АЦ-40(131)137А;2019-06-24;ВЕ2672
55.158941;30.260715;АЦ-5,0-40(5434X3);2019-06-24;АЕ6095-2
55.158941;30.260715;АЦ-40(130)63Б;2019-06-24;2691ВЕ
52.495480;23.559790;АЦ-40(131)137;2019-06-24;АМ0372-1
52.260720;26.786960;АЦ-40(131)137А;2019-06-24;АН0572-1
52.260720;26.786960;АЦ -10,0/40(6317);2019-06-24;АК3088-1
52.260720;26.786960;АБР-0,6/100(5301);2019-06-24;АН0575-1
52.260720;26.786960;АЛ-30(131)Л21;2019-06-24;АН0564-1
52.220480;27.468000;АЦ-40(131)137А;2019-06-24;АС0774
52.220480;27.468000;АЦ-40(130)63Б;2019-06-24;АН0570-1
52.389740;26.757620;АЦ-40(130)63б;2019-06-24;7831БНЛ
52.399060;27.035790;АЦ -10,0/40(6317);2019-06-24;АК8838-1
52.35257;23.82991;АЦ-40(130)63Б;2019-06-24;0830АС
52.571650;26.863480;АЦ-40(5557)10;2019-06-24;АН0568-1
52.147650;25.542480;АБР-0,5-0,4(5301Е2);2019-06-24;АВ1215-1
52.147650;25.542480;АЦ-5,0-40/4(533702);2019-06-24;АЕ1659-1
52.147650;25.542480;АЦ-10,0-40(6317);2019-06-24;АМ1498-1
52.305690;25.591450;АЦ-5,0-50/4(5337А2);2019-06-24;3317АI-1
51.976480;25.441460;АЦ-10,0-40(6317);2019-06-24;AK6166-1
52.110514;26.063221;АЦ-5,0-50-4(5337А2);2019-06-24;АВ8573-1
52.110514;26.063221;АБР-0,5-0,4(5301);2019-06-24;АВ1214-1
52.110514;26.063221;АЦ-10,0-40(6317);2019-06-24;АМ1829-1
52.110514;26.063221;АР-2(43105);2019-06-24;МИМ1235
52.110514;26.063221;АЛ-3030(131)ПМ506;2019-06-24;МИМ1413
52.110514;26.063221;АГ-12(3205);2019-06-24;АС0767
52.110514;26.063221;ПНС-110(131);2019-06-24;МИМ1822
53.134617;26.020278;АХРЗMersedesBenz ATEGО;2019-06-24;AE0197-1
53.134617;26.020278;АЦ-10,0-40 (6317);2019-06-24;AK1998-1
53.134617;26.020278;АЛ-30(131)ПМ;2019-06-24;AA7779-1
53.134617;26.020278;АЦ-5,0-50/4 (5337А2;2019-06-24;AI0509-1
52.229650;25.446130;АЦ-3,0-40(131);2019-06-24;АМ0410-1
52.081240;25.699910;АЦ-3,0-40(131);2019-06-24;АК9483-1
53.148343;26.040602;АЦ-5,0-40/4 ( 5337А2);2019-06-24;AI0509-1
53.148343;26.040602;АЦ-40(130)63Б;2019-06-24;AC0769
52.127490;26.063221;АЦ-8,0-50-4(631708);2019-06-24;АЕ1657-1
52.127490;26.063221;АЦ-40(130)63А;2019-06-24;АА4150
52.140463;26.017097;АЦ 10,0-40(6317);2019-06-24;АК3078-1
52.140463;26.017097;АЦ-40(131)137А;2019-06-24;АВ9409-1
53.040429;26.245918;АЦ-5.0-40/4(5337);2019-06-24;АВ 0368-1
53.040429;26.245918;АЦ-10.0-40(6317);2019-06-24;АК 6852-1
52.839888;26.094466;АЦ-10.0-40(6317);2019-06-24;АК 8944-1
52.948293;26.360407;АЦ-3.0-40(131);2019-06-24;АК 9694-1
53.194536;26.159742;АЦ-40(131)137А;2019-06-24;AA7923-1
52.929539;26.122228;АЦ-3.0-40(131);2019-06-24;АК 4987 -1
53.327510;26.006620;АЦ-40(130) 63Б;2019-06-24;AE4153-1
53.364891;25.697595;АЦ-5,0-40/4 (533702-270);2019-06-24;AB3971-1
52.896205;25.845112;АЦ-40(130) 63Б;2019-06-24;AA6332-1
52.995550;25.562091;АЦ-10/40 (6317);2019-06-24;AK8934-1
53.140242;25.737759;АЦ-40(УРАЛ 43202);2019-06-24;AK2200-1
53.298991;26.284012;АЦ-40(131)137А;2019-06-24;AK99-56-1
53.230534;25.808837;АЦ-10/40 (6317);2019-06-24;AM1278-1
53.138142;25.846310;АЦ-10/40 (6317);2019-06-24;AK8905-1
52.060775;26.467093;АЦ-40(5557);2019-06-24;АА1215-1
52.412302;26.248397;АЦ-3,0-40(131);2019-06-24;АМ0398-1
51.960525;25.940114;АЦ-5,8-40 (530905);2019-06-24;АК4452-1
52.313260;26.239873;АЦ-40(131)137А;2019-06-24;АС2643
52.187241;26.127414;АЦ-5,0-40(533702);2019-06-24;АВ5014-1
52.228080;26.444639;АЦ-10,0-40(6317);2019-06-24;АК8835-1
52.321544;25.991800;АЦ-10,0-40(6317);2019-06-24;АМ0824-1
51.891690;26.833530;АЦ-10-40(6317);2019-06-24;АК 4587-1
51.891690;26.833530;АЦ-5,0-50/4(53372А);2019-06-24;АЕ 7529-1
52.053610;27.188940;АЦ-10-40(6317);2019-06-24;АК 7324-1
51.987604;26.776154;АЦ-5,0-40/4(5434);2019-06-24;АМ0585-1
51.873930;26.497770;АЦ-40(131)137А;2019-06-24;1824 МИМ
52.057411;27.078092;АЦ-3,0-40(131);2019-06-24;АК 9439-1
52.077270;27.339750;АЦ-40(131)137А;2019-06-24;4914 АМ
51.949350;26.412430;АЦ-40(5557);2019-06-24;9959АА
51.862510;26.777410;АЦ-40(130)63Б;2019-06-24;1313 МИМ
52.019580;27.478890;АЦ-10-40(6317);2019-06-24;АК 7337-1
54.884995;28.712369;АЦ10,0-40(6317Х9);2019-06-24;АК2752-2
54.884995;28.712369;АЦ5.0-50/4 (530905);2019-06-24;АА6814-2
54.884995;28.712369;АЛ30(131)ПМ506;2019-06-24;9201ВА
54.884995;28.712369;АР-2 (43105) 215;2019-06-24;9202ВА
54.884995;28.712369;ПНС-110(131)131А;2019-06-24;9200ВА
54.884995;28.712369;ЛОДКА;2019-06-24;БП8371
54.884995;28.712369;АБР(ГАЗ 32705);2019-06-24;6380ВЕ
54.884995;28.712369;КРАНКС 55727-7-12;2019-06-24;АЕ3608-2
54.963001;28.803865;АЦ-40(131)137А;2019-06-24;ВЕ6397
54.733411;28.316797;АЦ-40 ( 131) 137А;2019-06-24;9203ВА
54.757260;28.841984;АЦ 40 (131)137А;2019-06-24;6400ВЕ
54.759458;28.667650;АЦ 40 (131)137А;2019-06-24;АЕ4752-2
54.582527;30.687929;АЦ 8,0-40 (631708);2019-06-24;АЕ9865-2
54.582527;30.687929;АЦ-40(131)137А;2019-06-24;ВА6752
54.582527;30.687929;ЗИЛ 04-05(5301);2019-06-24;АВ3196-2
54.515652;30.738938;АЦ 10,0-40 (6317);2019-06-24;АК0864-2
54.522730;30.935005;АЦ-40(131)137А;2019-06-24;АЕ2663-2
54.582527;30.687929;АЦ 5,0-40(5434);2019-06-24;АК2699-2
55.520380;28.660080;АЦ  5,0- 50/4(5337А2);2019-06-24;АЕ4750-2
55.520380;28.660080;АЛ-30(131)ПМ506;2019-06-24;ВЕ6377
55.520380;28.660080;ПНС-110(131);2019-06-24;ВА8442
55.520380;28.660080;АР-2(131)133;2019-06-24;ВА8440
55.520380;28.660080;АВС (УАЗ-31512);2019-06-24;5758ВТ
55.520380;28.660080;АЛ-30(131)ПМ506;2019-06-24;ВЕ2676
55.520380;28.660080;АЦ-40(130)63Б;2019-06-24;ВА8443
55.520380;28.660080;АБР 0,4/130(437041);2019-06-24;АЕ0555-2
55.564465;28.667747;АЦ-10,0-40(6317);2019-06-24;АК5978-2
55.564465;28.667747;АД104С-Т400-2РП (ДГ-130);2019-06-24;--
55.493378;28.542469;АЦ-5,8-40(53211);2019-06-24;ВЕ1232
55.493378;28.542469;АЦ-10-40(631708);2019-06-24;АК1640-2
55.493378;28.542469;АКПП Бронто;2019-06-24;ВА4961
55.493378;28.542469;АП-5(53213);2019-06-24;ВА4960
53.858305;30.352659;АСА (МАЗ-437041);2019-06-24;АА5966-6
53.858305;30.352659;АЛ-30 (131);2019-06-24;АВ4878-6
53.858305;30.352659;АМС (322132 ЮНИМЕД3591);2019-06-24;1804ЕЕ-6
53.858305;30.352659;КРАН КС (55277-7);2019-06-24;АА7532-6
53.858305;30.352659;АГ(МАЗ 437041);2019-06-24;AI6644-6
53.858305;30.352659;МПУ (ГАЗ 2752);2019-06-24;АЕ7163-6
53.858305;30.352659;АЦ 5,0-40/4(533702);2019-06-24;АА7275-6
53.858305;30.352659;АВС (ГАЗ-66);2019-06-24;ТЕ6360
55.624091;27.630575;АЦ-10,0-40(6317);2019-06-24;АК3341-2
55.624091;27.630575;АЦ-40(131)137А;2019-06-24;АВ3808-2
55.624091;27.630575;АБР(ГАЗ-2705);2019-06-24;АЕ4936-2
55.624091;27.630575;ПНС-110(131);2019-06-24;АВ3804-2
55.624091;27.630575;АР-2(131)133;2019-06-24;АВ3806-2
55.740009;27.798138;АЦ-10-40(6317);2019-06-24;АИ9874-2
55.494487;27.479471;АЦ-40(131)137А;2019-06-24;6374ВЕ
55.702526;27.643799;АЦ-40(131)137;2019-06-24;6366ВЕ
55.412841;28.155694;АЦ-3,0-40(131);2019-06-24;АК0498-2
55.568037;28.212879;АЦ-40(131)137;2019-06-24;6753ВА
55.535382;28.216907;АЦ-40(130)63Б;2019-06-24;4760ВТН
55.535382;28.216907;АЦ-40-5,5(5557)005МИ;2019-06-24;3038ВЕ
55.535382;28.216907;АЦ-50-100(IVEKO);2019-06-24;АИ8267-2
52.122390;23.668740;АЦ-10.0-40(6317);2019-06-24;АК9390-1
52.122390;23.668740;АБР-0,4/130(437041);2019-06-24;АВ 6639-1
52.122390;23.668740;АМ(Крафтер);2019-06-24;АК7741-1
52.122390;23.668740;АЛ-27057;2019-06-24;AI7347-1
52.122390;23.668740;(Люблин-3);2019-06-24;АА4005
52.122390;23.668740;КС-6476(50Т);2019-06-24;3124 АВ-1
54.427003;25.924591;АЦ-10,0-40(6317);2019-06-24;АК0716-4
54.427003;25.924591;АСА IVECO DAILY 55S17W;2019-06-24;AI3407-4
54.427003;25.924591;АР-2(КАМАЗ 43106);2019-06-24;АА7401-4
54.427003;25.924591;ПНС-110(131);2019-06-24;АА7402-4
54.427003;25.924591;АЛ-30 (IFA W50L/DL30);2019-06-24;АЕ0207-4
54.321539;26.133786;АЦП-40(5557)6/3;2019-06-24;1277СВ
54.248873;26.024812;АЦ10,0-40(6317);2019-06-24;АI8072-4
54.519494;25.889140;АЦП-40(5557)6/3;2019-06-24;1264СВ
54.411037;25.873147;АЦ-40(131)137А;2019-06-24;9686СЕ
55.163805;30.240069;АБР(ФОЛЬКСВАГЕН-КРАФТЕР);2019-06-24;АЕ23489-2
55.163805;30.240069;АЛ-30(ЗИЛ131)ПМ506;2019-06-24;ВЕ6470
55.163805;30.240069;АВС(ГАЗ27057);2019-06-24;АI7152-2
55.163805;30.240069;АХРЗ(КАМАЗ43118);2019-06-24;АI7711-2
55.163805;30.240069;АМС(РЕНО-МАСТЕР);2019-06-24;АЕ6845-2
55.163805;30.240069;АР-2(КАМАЗ43105);2019-06-24;ВЕ2687
55.163805;30.240069;ПНС-110(ЗИЛ131);2019-06-24;ВЕ2686
55.163805;30.240069;АЦ(МАЗ5337A2);2019-06-24;AE4837-2
55.163805;30.240069;КРАН(КС64713);2019-06-24;AE0550-2
55.163805;30.240069;АКП-48(МАЗ6516V8);2019-06-24;AI2424-2
55.163805;30.240069;BRIG-F450;2019-06-24;А2629-2
53.633501;23.743074;АЦ-10,0-40(6317Х9);2019-06-24;АК 0713-4
53.633501;23.743074;АБР-04-100(КРАФТЕР-50);2019-06-24;АА 9224-4
53.633501;23.743074;АХРЗ(МЕРСЕДЕС-СПРИНТЕР);2019-06-24;АА 9680-4
53.633501;23.743074;АМС(ГАЗ-322173);2019-06-24;АЕ 5956-4
53.633501;23.743074;АВСС(МАЗ-631708);2019-06-24;АА 1969-4
53.633501;23.743074;МАЗ437040-041;2019-06-24;АК 5352-4
52.454846;30.981936;АЦ-10,0-40(6317);2019-06-24;АК9013-3
52.454846;30.981936;АБР-0,4/100(Volkswagen Crafter 50);2019-06-24;АВ9064-3
52.454846;30.981936;АХРЗ(Люблин-3324);2019-06-24;АА9030-3
52.454846;30.981936;АЛ-50(53229)ПМ513;2019-06-24;ЕВ3408
52.454846;30.981936;АВСС(ГАЗ-27057);2019-06-24;АI8282-3
52.454846;30.981936;АМ(Volkswagen T4);2019-06-24;АК1809-3
52.454846;30.981936;АСА-20(43101)ПМ523;2019-06-24;АЕ7758-3
52.454846;30.981936;ПНРС-133;2019-06-24;АI8202-3
52.454846;30.981936;АГДЗС-13(09212);2019-06-24;АА0332-3
52.454846;30.981936;АД200С-Т400-2РП;2019-06-24;б/н
52.454846;30.981936;АХРЗ(Mercedes-Benz 1525);2019-06-24;АМ3553-3
54.328512;29.133739;АЦ 10,0-40(6317);2019-06-24;АО0616-5
54.328512;29.133739;АЦ 5,0-50/4(533702);2019-06-24;АК1346-5
54.308982;26.843135;АЦ 10,0-40(6317);2019-06-24;АР2846-5
54.308982;26.843135;АБР(ФВ LT-35);2019-06-24;АВ5870-5
54.308982;26.843135;АЦ 2,5-40(533702);2019-06-24;АВ3480
54.516912;28.960525;АЦ 5,0-50/4(5337А);2019-06-24;АI5805-5
54.516912;28.960525;АЦ 10,0-40 (6317);2019-06-24;АС4151-5
54.159096;27.233207;АЦ 3,0-40 (433442);2019-06-24;АА5158-5
54.159096;27.233207;АЦ-40(131)137А;2019-06-24;ОЕ3853
54.366877;29.032589;АЦ 5.0-50/4(5337А2);2019-06-24;AI4587-5
54.270729;27.105601;АЦ 5,0-50/4(5337А2);2019-06-24;АК7281-5
54.270729;27.105601;АЦ-40(375)Ц1;2019-06-24;АВ4330-5
54.110936;29.224499;АЦ-40(130)63Б;2019-06-24;АА1835-5
54.371381;29.168049;АЦ-40(131)137А;2019-06-24;АI5959-5
54.302011;26.795605;АЦ 5,0-50/4(533702);2019-06-24;АК1941-5
54.302011;26.795605;АЦ 3,0-40(131);2019-06-24;АО3919-5
54.486741;29.152854;АЦ-40(130)63Б;2019-06-24;ОМ33-09
54.330879;26.606277;АЦ 10,0-40(6317);2019-06-24;АО6518-5
54.437702;28.874511;АЦ-40(130)63Б;2019-06-24;АР4912-5
54.028852;28.086493;АЦ 10,0-40(6317);2019-06-24;АО7207-5
54.028852;28.086493;АЦ 3,0-40(4334);2019-06-24;АА2804-5
54.204387;28.486858;АЦ 10,0-40(6317);2019-06-24;АН9826-5
54.204387;28.486858;Люблин-3;2019-06-24;АВ2405-5
54.204387;28.486858;АЛ-30(1313);2019-06-24;AI5262-5
54.204387;28.486858;АЦ 2,5-40 (433662);2019-06-24;АК7539-5
54.216916;26.612573;АЦ-40(130)63Б;2019-06-24;ОЕ3854
52.795403;28.004358;АЦ 10,0-40(6317);2019-06-24;АО5942-5
54.385305;29.333499;АЦ 5,0-50/4(5337А2);2019-06-24;АI5804-5
53.518385;28.137130;АЦ 5,0-50/4(5337А2);2019-06-24;АК8894-5
53.518385;28.137130;АЦ 2,0-40(437041);2019-06-24;АЕ3186-5
53.795788;27.243488;АЦ-40(131)137А;2019-06-24;АА2713-5
53.626793;26.614393;АЦ-40(130)63Б;2019-06-24;АР3586-5
53.840585;28.991746;АЦ 10,0-40(6317);2019-06-24;АО0181-5
53.840585;28.991746;АЦ 5,0-50/4(533702);2019-06-24;АI6422-5
54.005367;27.703028;АЦ 10,0-40(6317);2019-06-24;АР4495-5
54.005367;27.703028;АЛ-30(5337)ПМ506К;2019-06-24;АМ7955-5
53.152641;27.085556;АЦ 10,0-40(6317);2019-06-24;АО8325-5
53.152641;27.085556;АЦ 5,0-40\4(533702);2019-06-24;АЕ1397-5
53.449283;28.121892;АЦ 10,0-40(6317);2019-06-24;АО0190-5
53.687706;28.985120;АЦ-40(131)137А;2019-06-24;АI7099-5
54.247564;28.499939;АЦ 10,0-40(6317);2019-06-24;АО7332-5
54.247564;28.499939;АЦ-40(130)63Б;2019-06-24;АI8934 -5
53.492132;26.758469;АЦ 10,0-40(6317);2019-06-24;АО7984-5
53.492132;26.758469;АКПЛ-РМТ25(5337А2);2019-06-24;АН2657-5
53.492132;26.758469;АБР 0,6-100(5301 М2);2019-06-24;АВ1599-5
54.311932;26.900836;АЦ 10,0-40(6317);2019-06-24;АО3499-5
54.311932;26.900836;АХРЗ Люблин-3;2019-06-24;АВ3472-5
54.311932;26.900836;АВСС ГАЗель 27057;2019-06-24;АМ5984-5
54.311932;26.900836;Лодка «CONDOR» Mотор «Mercury30»;2019-06-24;А8255А-5
54.311932;26.900836;АЛ-30(131);2019-06-24;АВ4186-5
54.311932;26.900836;«Купава»8281;2019-06-24;А6746А-5
53.786528;27.089735;АЦП-40(5557);2019-06-24;АА2712-5
54.484343;26.889586;АЦ 10,0-40(6317);2019-06-24;АО4787-5
54.484343;26.889586;АСА Мерседес Бенц 1510;2019-06-24;74-93 ОМ
54.484343;26.889586;АЛ-30(131)ПМ-506;2019-06-24;АЕ6517-5
54.219006;28.537468;АЦ-40(130)63Б;2019-06-24;25-43 ОЕ
54.219006;28.537468;АЦ-40(131)137А;2019-06-24;АО9529-5
52.748593;27.850409;АЦ 3,0-40(131);2019-06-24;АО5645-5
54.084596;28.305239;АЦ-40(131)137А;2019-06-24;АК3136-5
54.084596;28.305239;АЦ 10,0-40(631708);2019-06-24;АО8941-5
54.084596;28.305239;АЦ 5.0 - 50/4(533703);2019-06-24;АI5394-5
53.081536;27.017189;АЦ 5,0-40\4(533702);2019-06-24;АЕ6999-5
54.089282;26.552528;АЦ 10.0-40(6317);2019-06-24;АО6523-5
54.089282;26.552528;АЦ 3,0-40(433442)131НА;2019-06-24;АВ6028-5
54.233384;28.500206;АЦ 2,5-40(433362);2019-06-24;АО7159-5
54.566594;26.965554;АЦ-40(5557);2019-06-24;AI6778-5
53.961333;27.441786;АЦ 10,0-40(6317);2019-06-24;АР0055-5
53.961333;27.441786;АЦ 5,0-50/4(533702);2019-06-24;АВ9292-5
52.783815;27.521086;АБР-0,6(5301);2019-06-24;АН9264-5
52.783815;27.521086;АЦ 2,0-33/4(437041);2019-06-24;АР4028-5
52.783815;27.521086;АЛ-30(131)506ПМ;2019-06-24;АН9261-5
53.226412;27.358253;АЦ-40(130)63Б;2019-06-24;АА8325-5
54.187111;28.721754;АЦ-40(130)63Б;2019-06-24;АО1218-5
54.098812;28.322143;АЦ 5,0-50/4(533702);2019-06-24;АК7650-5
52.670813;28.246546;АЦ-5,0-40(533702);2019-06-24;АА6579-5
53.750029;26.936419;АЦ 2,5-40(433362);2019-06-24;АО3884-5
53.704011;28.935211;АЦ 3,0-40(131)НА;2019-06-24;АА2567-5
53.609564;27.938348;АЦ 5,0-40(43114);2019-06-24;AI7394-5
53.609564;27.938348;АЦ 7,0-40(53215);2019-06-24;AI7395-5
53.609564;27.938348;АКП-35;2019-06-24;AI7397-5
54.202765;26.307451;АЦ-40(130)63Б;2019-06-24;АВ3598-5
53.931733;27.760252;АЦ 5,0-50/4(5337А2);2019-06-24;АК6283-5
53.931733;27.760252;АЦ 10,0-40(6317);2019-06-24;АР5471-5
53.278593;26.967399;АЦ 3.0-40(131)137;2019-06-24;АО4390-5
54.362664;28.343263;АЦ-40(130)63Б;2019-06-24;19-38 МБО
54.095415;28.352936;АЦ 4,2-50 (65111);2019-06-24;АО7117-7
53.579583;27.738487;АЦ-40(131)137А;2019-06-24;ВВ0572-5
54.493872;28.219626;АЦ-40(43202);2019-06-24;ОВ3152-5
53.451582;26.639566;АЦ-40(130)63Б;2019-06-24;АН2992-5
54.068218;26.804801;АЦ-40(130)63Б;2019-06-24;АВ3591-5
54.037791;28.611042;АЦ-40(131)137А;2019-06-24;АА1864-5
52.855068;27.180391;АЦ 3,0-50/4(131);2019-06-24;АО6044-5
52.855068;27.180391;АЦ-40(130)63Б;2019-06-24;АН9238-5
54.493180;28.660567;АЦ-40-6,3;2019-06-24;АА1863-5
53.970031;27.053223;АЦ 5,0-40/4(533702-270);2019-06-24;АВ6101-5
53.776158;27.646443;АЦ 8,0-40(631708);2019-06-24;АМ5180-5
53.776158;27.646443;АЦ 10.0-40(6317);2019-06-24;АР0308-5
53.172863;26.957777;АЦ-40(131)137А;2019-06-24;АА8320-5
53.062033;26.641862;АЦ 10,0-40 (6317);2019-06-24;АО8083-5
53.062033;26.641862;АЦ 10.0-40(631708);2019-06-24;АР9647-5
53.398123;26.785916;АЦ-40(130)63Б;2019-06-24;АО4288-5
53.414749;27.624910;АЦ-40(130)63Б;2019-06-24;АВ1023-5
54.088903;26.994026;АЦ-40(131)137А;2019-06-24;АВ5094-5
54.261857;28.509757;АЦ 10,0-40(6317);2019-06-24;АР3843-5
52.816256;27.567064;АЦ 10,0-40(6317);2019-06-24;АР3450-5
53.400821;28.376789;АЦ-40(131)137А;2019-06-24;АI3318-5
53.251742;27.184323;АЦП-40 6/3(5557);2019-06-24;АА8323-5
53.835184;27.373652;АЦ 10,0-40(6317)017;2019-06-24;АО0191-5
53.835184;27.373652;АЦ 5,0-50/4(5337А2);2019-06-24;АМ4255-5
54.045242;28.203798;АЦ-40(130)63Б;2019-06-24;АI4476-5
54.107571;26.385999;АЦ 5,0-40(5309);2019-06-24;АР2866-5
52.860609;27.474627;АЦ 5,0-50/4(5557);2019-06-24;АЕ5321-5
52.899887;26.534244;АЦ 2,5-40(433362);2019-06-24;АС1911-5
53.894423;26.740961;АЦ 10.0-40(6317);2019-06-24;АР8253-5
54.001207;27.873636;АЦ 3,0-40(131);2019-06-24;АO1551-5
53.810805;27.526671;АЦ 5,0-50/4(5337А-2);2019-06-24;АН4965-5
54.294449;27.328236;АЦ-40(130)63Б;2019-06-24;AI7181-5
53.831951;27.979422;АЦ 10,0-40(6317);2019-06-24;АО8949-5
52.899949;26.773028;АЦ 3,0-40(131);2019-06-24;АО3859-5
52.899949;26.773028;АЦ-40(131)137А;2019-06-24;АМ8569-5
52.516042;27.154734;АЦ 10,0-40(6317);2019-06-24;АР3451-5
53.935033;28.357424;АЦ-40(131)137А;2019-06-24;АА8505-5
54.004807;27.293726;АЦ-40(131)137А;2019-06-24;АА2687-5
53.964905;26.480500;АЦ 5,0-40(533702);2019-06-24;АВ5550-5
53.670373;27.008561;АЦ-40(130)63Б;2019-06-24;АА5573-5
54.010334;28.476177;АЦ 5,8-40(530905);2019-06-24;АН9830-5
53.755387;27.874856;АЦ 5,0/40(5557);2019-06-24;ОМ47-03
52.616106;27.567216;АЦ 8,0-50(631708);2019-06-24;7328АК-5
54.011138;27.274817;АЦ 10,0-40(6317);2019-06-24;АО0184-5
54.011138;27.274817;АЛ-30(131)ПМ-506;2019-06-24;АН8838-5
52.627279;27.259638;АЦ 3,0-40(131);2019-06-24;АО5697-5
54.060318;27.696337;АЦ 5,8-40(530905);2019-06-24;АК9091-5
54.103658;27.478426;АЦ 5,8-40(530905);2019-06-24;АК5534-5
53.468958;27.206289;АЦ 10,0-40(6317);2019-06-24;АО8074-5
53.902255;27.341573;АЦ 12,0-50(6317);2019-06-24;АО6326-5
53.496775;27.168898;АЦ-40(131)137;2019-06-24;АА2466-5
54.646714;27.481122;АЦ-40(130)63Б;2019-06-24;АВ3474-5
54.417106;27.293810;АЦ-40(131)137А;2019-06-24;АЕ6518-5
53.409968;27.554693;АЦ-40(130)63Б;2019-06-24;АО2102-5
53.577589;27.465124;АЦ-40(130)63Б;2019-06-24;АА 2465-5
53.046720;27.552025;АЦ 5,0-50/4(5337А2);2019-06-24;АК7801-5
53.046720;27.552025;АЦ 5,0-50/4(5337А2);2019-06-24;АК5318-5
53.046720;27.552025;АБР-0,6/100;2019-06-24;АН6139-5
53.046720;27.552025;АЛ-30(131) ПМ506В;2019-06-24;АН6134-5
54.563923;26.727763;АЦ-40(130)63Б;2019-06-24;АЕ2796-5
52.945806;27.884025;АЦ 5.0-40(533702-270);2019-06-24;АI2876-5
52.902866;27.317156;АЦ 10,0-40 (6317);2019-06-24;АО8575-5
53.322967;27.507420;АЦ-40(131)137;2019-06-24;АН6141-5
54.574656;27.277826;АЦ-40(130)63Б;2019-06-24;АР2874-5
52.916331;27.642406;АЦ 10,0-40(6317);2019-06-24;АО2437-5
54.489425;26.907339;АЦ 5,0-40(533702);2019-06-24;АА7327-5
53.038455;27.284199;АЦ-40-6/3;2019-06-24;АН6152-5
53.685277;27.120957;АЦ-40(131)137А;2019-06-24;АА2680-5
53.685277;27.120957;АЦ 10-40(6317);2019-06-24;АН9810-5
53.685277;27.120957;АСА (5301);2019-06-24;АА3226-5
53.685277;27.120957;АКП-РТМ-25D09-(5337А2);2019-06-24;АН8230-5
53.167662;27.487650;АЦ-40(131)137;2019-06-24;АН6150-5
53.005795;27.505111;АЦ-40(130)63Б;2019-06-24;АН6148-5
53.616567;27.065105;АЦ-40(130)63Б;2019-06-24;АО9847-5
53.616567;27.065105;АЦ 2,5-40 (533702);2019-06-24;АР5321-5
53.736175;27.331216;АЦ 5,0-50/4(533702-270);2019-06-24;AI4628-5
53.736175;27.331216;АЦ 10-40(6317);2019-06-24;АО3815-5
53.741518;27.350359;АЦ 10-40(6317);2019-06-24;АР2010-5
53.741518;27.350359;АКП-30(53213);2019-06-24;АА6407-5
53.899514;27.538064;АЦ-2,5-40 (533702);2019-06-24;АЕ9234-7
53.899514;27.538064;АГДЗС(5337А2);2019-06-24;АК9676-7
53.899514;27.538064;АХРЗ-(Atego-918);2019-06-24;АН8996-7
53.899514;27.538064;АЦ-5,0-50 (5434);2019-06-24;АО9351-7
53.899514;27.538064;УГЗС-(5337А2);2019-06-24;АО7483-7
53.899514;27.538064;БНУ;2019-06-24;
53.899514;27.538064;МП;2019-06-24;
53.899514;27.538064;ГЕЙЗЕР;2019-06-24;
53.899514;27.538064;НИАГАРА;2019-06-24;
53.899514;27.538064;ХОНДА;2019-06-24;
53.899514;27.538064;КОМБАТ;2019-06-24;
53.042833;28.267457;АЦ 10,0-40(6317);2019-06-24;АО4316-5
53.042833;28.267457;АЦ 10,0-40(6317);2019-06-24;АО8579-5
52.929303;28.434557;АЦ-40(43202);2019-06-24;АI5474-5
53.039727;28.496216;АЦ 5,0-50/4(5337Ф2);2019-06-24;АК6951-5
52.978873;27.969977;АЦ-40(131)137А;2019-06-24;АК5383-5
53.141718;28.154221;АЦП-40-6/3;2019-06-24;АВ9332-5
52.049113;29.208389;АЦ-5,0-50/4(5337А2);2019-06-24;АЕ2338-3
52.049113;29.208389;АЦ-10,0-40(6317);2019-06-24;АК7584-3
52.049113;29.208389;ПНС-110(131);2019-06-24;ЕС2314
52.049113;29.208389;АХРЗ(Lublin-330224);2019-06-24;АА8711-3
52.049113;29.208389;АР-2(131);2019-06-24;АА8123-3
52.049113;29.208389;АБР-0,6(437041);2019-06-24;АА5948-3
52.049113;29.208389;АВПТ-АЦ-40(433362);2019-06-24;АА8121-3
52.049113;29.208389;ВАЗ-2123 (Niva Chevrolet);2019-06-24;1473ВК-3
52.049113;29.208389;Geely SC-7;2019-06-24;9899ЕС-3
52.049113;29.208389;Geely Cross;2019-06-24;4476IA-3
52.049113;29.208389;ВАЗ-21070;2019-06-24;8909ВК-3
52.049113;29.208389;Volkswagen Caravelle;2019-06-24;АК1448-3
52.049113;29.208389;Skoda Octavia;2019-06-24;9111АА-3
51.906871;29.311947;АЦ-5,0-40(5337X2);2019-06-24;АМ2206-3
52.003928;29.219447;АЦ-5,0-50/4(5337А2);2019-06-24;АI1676-3
52.003928;29.219447;АЦ-10,0-40(6317);2019-06-24;АК8541-3
52.050082;28.698433;АЦП-6/3-40(5557);2019-06-24;АА8124-3
52.075921;29.205233;АЦ-8,0-40(6317);2019-06-24;АК4947-3
52.311111;30.101389;АЦ-40(131)137А;2019-06-24;8407ВН-3
52.433333;30.083333;АЦ-7,0-40(43118);2019-06-24;8414ВН-3
52.098333;30.389444;АЦ-3,0-40(131);2019-06-24;АК7282-3
52.241810;29.841750;АЦ-5,0-50/4(5337О2);2019-06-24;АЕ8986-3
52.349212;30.335732;АЦ-5,0-50/4(5337O2);2019-06-24;АМ3223-3
52.349212;30.335732;АЛ-30(131)ПМ506;2019-06-24;АВ9634-3
52.349212;30.335732;АЦ-5,0-50/4(5337А2);2019-06-24;АМ3222-3
52.131578;29.321003;АЦ-5,0-50/4(5337А2);2019-06-24;АI1642-3
52.131578;29.321003;АЦ-10,0-40(6317);2019-06-24;АК6034-3
52.131578;29.321003;АЛ-30(131)Л21;2019-06-24;7452ГСН
52.131578;29.321003;АЦ-40(131)137А;2019-06-24;4858ГСП
52.131578;29.321003;АР-2(131)133;2019-06-24;АМ0574-3
52.131578;29.321003;ПНС-110(131);2019-06-24;АМ0591-3
52.131578;29.321003;АД56С-Т-400-2РП;2019-06-24;б/н
52.131578;29.321003;АЦ-40(130)63Б;2019-06-24;АВ8466-3
52.459462;29.260226;АЦ-10,0-40(6317);2019-06-24;АК9647-3
52.459462;29.260226;АЦ-5,0-40(533702)270;2019-06-24;АА8715-3
52.350909;29.010285;АЦ-40(131)137;2019-06-24;ЕМ6230
52.352323;30.408279;АЦ-5,0-40(5337);2019-06-24;АА8321-3
52.352323;30.408279;АЦ-10,0-40(6317);2019-06-24;АК6324-3
52.352323;30.408279;АХРЗ(Lublin-3 3324);2019-06-24;АА8320-3
52.352323;30.408279;АР-2(131)133А;2019-06-24;АВ9626-3
52.352323;30.408279;ПНС-110(131)131;2019-06-24;АВ9625-3
52.352323;30.408279;АВ 5,5-40(375);2019-06-24;АВ9639-3
52.352323;30.408279;АГДЗС(66);2019-06-24;ЕС1916
52.352323;30.408279;Купава-813253;2019-06-24;1816АА-3
52.352323;30.408279;АД120С-Т400-2РП(ДГ-150);2019-06-24;б/н
52.352323;30.408279;Одиссей-5 PGL 110;2019-06-24;А4425А-3
52.352323;30.408279;Volkswagen-70;2019-06-24;1480ЕВ-3
52.352323;30.408279;Skoda SuperB;2019-06-24;1700ВА-3
52.352323;30.408279;Volkswagen Caravelle;2019-06-24;1600АК-3
52.352323;30.408279;Geely SC-7;2019-06-24;2326II-3
52.352323;30.408279;ВАЗ-2123 (Niva Chevrolet L);2019-06-24;8999ВТ-3
52.352323;30.408279;ВАЗ-2123 (Niva Chevrolet L);2019-06-24;8759ВК-3
52.450830;31.005000;АЦ-5,0-50/4(5337А2);2019-06-24;АЕ7155-3
52.450830;31.005000;АСА-0,5-0,4(437041)280Р8;2019-06-24;АА9374-3
52.450830;31.005000;ПНС-110(131)131;2019-06-24;ЕС2593
52.450830;31.005000;АР-2(131)133;2019-06-24;ЕВ3449
52.450830;31.005000;АВПТ-АЦ-9(5337);2019-06-24;АК2498-3
52.450830;31.005000;АЦ-5,0-40(5434);2019-06-24;АМ0033-3
52.450830;31.005000;ГАЗ-32213;2019-06-24;АВ6256-3
52.450830;31.005000;Geely ATLAS;2019-06-24;1022EE-3
52.450830;31.005000;Geely SC-7;2019-06-24;1012АМ-3
52.450830;31.005000;Geely SC-7;2019-06-24;1072IM-3
52.450830;31.005000;МАЗ-437143332;2019-06-24;АЕ8420-3
52.450830;31.005000;Geely ATLAS;2019-06-24;0120ET-3
52.426274;30.947774;АЦ-5,0-50/4(5337А2);2019-06-24;AI3358-3
52.426274;30.947774;АЛ-30(5340С2);2019-06-24;АМ4960-3
52.426274;30.947774;АБР-0,4/100(Volkswagen Crafter 50);2019-06-24;АВ9212-3
52.426274;30.947774;АЦ-5,0-50/4(5337А2);2019-06-24;АЕ9991-3
52.391525;31.033813;АЦ-5,0-50/4(5337А2);2019-06-24;АI3129-3
52.391525;31.033813;АБР(ГАЗ-3221-24);2019-06-24;АЕ0029-3
52.391525;31.033813;АЦ-2,5-40(131)ПМ548;2019-06-24;7196ЕВ
52.391525;31.033813;LAV-81015;2019-06-24;3449АА-3
52.455934;30.960465;АЦ-3,2-40(433114);2019-06-24;ЕВ4665
52.455934;30.960465;АЦ-40(131)137А;2019-06-24;ЕМ6733
52.477312;30.988082;АЦ-10,0-40(6317Х9);2019-06-24;AI4411-3
52.477312;30.988082;АКП-51Bronto-Skylift-F51-SKANIA;2019-06-24;АК3050-3
52.534804;30.918582;АЦ-5,0-40/4(5337А2);2019-06-24;АI3344-3
52.534804;30.918582;АЦ-5,0-40(43114);2019-06-24;АЕ0755-3
52.449156;30.912601;АЦ-5,0-50/4(5337А2);2019-06-24;АI1713-3
52.449156;30.912601;АЦ-3,0-40(433112);2019-06-24;АЕ6588-3
52.446072;30.822536;АЦ-5,0-50/4(5337А2);2019-06-24;AI7555-3
52.446072;30.822536;АЛ-30(131)ПМ-506;2019-06-24;АК9030-3
52.259022;29.426685;АЦ-5,8-40(530905);2019-06-24;АI5249-3
52.259022;29.426685;АЦ-3,0-40(131);2019-06-24;АК7141-3
51.940408;29.540831;АЦ-40(130)63Б;2019-06-24;ЕВ8551
52.218404;27.866747;АЦ-10,0-40(6317);2019-06-24;АК6767-3
52.218404;27.866747;АЛ-30(131)ПМ506;2019-06-24;ЕС1819
52.218404;27.866747;АБР(Mercedes-Benz LAF1113);2019-06-24;ЕС8156
52.218404;27.866747;АР-2(131);2019-06-24;AI2891-3
52.218404;27.866747;ПНС-110(131);2019-06-24;AI2890-3
52.218404;27.866747;АЦ-40(130)63Б;2019-06-24;AI7675-3
52.218404;27.866747;Geely ATLAS;2019-06-24;1441IP-3
52.218404;27.866747;Geely SC-7;2019-06-24;3701IК-3
52.218404;27.866747;Skoda Octavia;2019-06-24;1212ЕХ-3
52.065242;27.756327;АЦ-10,0-40(6317);2019-06-24;АК2280-3
52.065242;27.756327;АЦ-5,0-50/4(5337А2);2019-06-24;АЕ9010-3
52.065242;27.756327;АБР-0,6/100 (5301);2019-06-24;0809АМ-3
52.065242;27.756327;ВАЗ-2123 (Niva Chevrolet);2019-06-24;6971ЕТ-3
52.291779;28.022224;АЦ-40(131)137А;2019-06-24;AI2854-3
52.451240;28.011498;АЦ-40(130)63Б;2019-06-24;ЕА4947-3
52.343320;27.884977;АЦ-6/3-40(5557);2019-06-24;ЕМ6348
52.338979;27.485881;АЦ-6/3-40(5557);2019-06-24;АК7609-3
51.780600;29.508450;АЦ-10,0-40(631708);2019-06-24;АК3454-3
51.780600;29.508450;АЦ-10,0-40(6317X9);2019-06-24;АМ2441-3
51.780600;29.508450;АД48С-Т400-2РП;2019-06-24;б/н
51.500326;29.425005;АЦ-40(131)137А;2019-06-24;5854ГСО
51.818361;29.158604;АЦ-10,0-40(6317);2019-06-24;АК7583-3
51.818361;29.158604;АР-2(131)133А;2019-06-24;АI3045-3
51.818361;29.158604;ПНС-110(131)131А;2019-06-24;0441ГСР
51.818361;29.158604;АЦ-10,0-40(6317);2019-06-24;АМ4348-3
51.787778;30.257778;АЦ-10,0-40(6317);2019-06-24;АК8928-3
51.787778;30.257778;АЦ-8,0-50/4(631708);2019-06-24;АЕ5231-3
51.787778;30.257778;ВАЗ-21214;2019-06-24;7412ЕН-3
51.440278;30.573056;АЦ-40(43202);2019-06-24;ЕС4115
51.440278;30.573056;АЦ-5,0-50/4(5337А2);2019-06-24;АИ1414-3
51.789743;28.314638;АЦ-5,0-50/4(5337А2);2019-06-24;АЕ3163-3
51.789743;28.314638;АД-56С-Т400-2РП;2019-06-24;А4807А-3
51.745962;27.686211;АЦ-40(43202);2019-06-24;АМ0805-3
53.677838;23.824823;АЦ-2,5-40/4(533702);2019-06-24;AA5621-4
53.677838;23.824823;АЦ-5,0-50/4(5337А2);2019-06-24;AE0250-4
51.536043;27.795645;АЦ-3,0-40(131);2019-06-24;АК6275-3
51.946009;28.329917;АЦ-40(131)137А;2019-06-24;ЕВ5649
53.699977;23.828340;АЦ-10,0-40(6317);2019-06-24;AK0176-4
53.707572;23.830582;АП-5(53213)196;2019-06-24;AA5516-4
53.707572;23.830582;АВПТ-8Т311М(131);2019-06-24;AA7747-4
53.707572;23.830582;АЦ-5,0-50-4(5337А2);2019-06-24;АЕ3652-4
53.707572;23.830582;АБР-МАЗ(437043);2019-06-24;AB6531-4
53.668733;23.819077;АЦ-5,0-50-4(5337А2);2019-06-24;AE3525-4
53.668733;23.819077;АЛ-30(131)ПМ506;2019-06-24;AA9486-4
53.668733;23.819077;АЦ5,0-50/4(5337А2);2019-06-24;AE0227-4
53.664400;23.942543;АЦ-40(131)137А;2019-06-24;AI8159-4
53.635162;23.839408;АЦ-10,0-40(6317);2019-06-24;AK0715-4
53.635162;23.839408;АЦ-5,0-50-4(5337А2);2019-06-24;AE6133-4
53.635162;23.839408;АЛ-52(6516);2019-06-24;AE6284-4
51.943334;30.795018;АЦ-10,0-40(6317);2019-06-24;АК8930-3
51.943334;30.795018;АЦ-8,0-40(53213);2019-06-24;9158АК-3
51.943334;30.795018;Mercedes-Benz 608D;2019-06-24;АА8291-3
51.943334;30.795018;ВАЗ-21213;2019-06-24;8904АТ-3
51.943334;30.795018;ВАЗ-21115;2019-06-24;9798IT-3
51.943334;30.795018;АД48С-Т400-2РП;2019-06-24;б/н
51.943334;30.795018;Орион-10;2019-06-24;БГ7014
51.943334;30.795018;Geely SC-7;2019-06-24;2330II-3
52.050130;30.498976;АЦ-5,0-40(5337О2);2019-06-24;АМ2721-3
53.131302;30.786904;АЦ-10,0-40(6317);2019-06-24;АК6429-3
53.131302;30.786904;ПНС-110(131);2019-06-24;АI3964-3
53.131302;30.786904;АБР-0,6/100(5301);2019-06-24;АВ9374-3
53.131302;30.786904;АЦ-10,0-40(6317);2019-06-24;АМ4785-3
53.014786;30.870146;АЦ-3,0-40(131);2019-06-24;АК7378-3
53.212829;30.780853;АЦ-40(5557)002ПС;2019-06-24;ЕВ6950
53.080680;30.050360;АЛ-30(131)Л-21;2019-06-24;5120ГСМ
53.080680;30.050360;АЦ-40(131)137А;2019-06-24;ЕА9126
53.080680;30.050360;АЦ-40(130)63Б;2019-06-24;ЕА9125
53.080680;30.050360;АЦ-40(130)63Б;2019-06-24;ЕА9130
53.080680;30.050360;УАЗ-3163020;2019-06-24;0279IН-3
53.096200;29.727000;АЦ-3,0-40(131);2019-06-24;АК5296-3
52.906066;30.028555;АЦ-40(130)63Б;2019-06-24;АА4146-3
52.906066;30.028555;АЦ-10,0-40(6317);2019-06-24;АК3518-3
52.906066;30.028555;АЛ-30(131)137А;2019-06-24;ЕМ9246
52.906066;30.028555;АР-2(131)137А;2019-06-24;ЕМ9241
52.906066;30.028555;ПНС-110(131);2019-06-24;ЕМ9242
52.906066;30.028555;АЦ-5,0-50/4(5337А2);2019-06-24;AI1026-3
52.880000;30.022333;АЦ-10,0-40 (6317);2019-06-24;АК8394-3
52.880000;30.022333;АЦ-5,0-40(5337А2);2019-06-24;АI8806-3
52.853040;30.002240;АЦ-3,2-40(433104)0011;2019-06-24;AI2196-3
52.853040;30.002240;ДЛК-53МЕТЦ;2019-06-24;АI2199-3
52.853040;30.002240;АБР(2705)2834SU;2019-06-24;AB8903-3
52.853040;30.002240;АСА-20(43114)ПМ523А;2019-06-24;AI2195-3
52.853040;30.002240;АЦ-5,0-40(5337А2);2019-06-24;AI4089-3
52.853040;30.002240;АЦ-5,0-40(5337А2);2019-06-24;АЕ9670-3
52.903940;30.211200;АЦ-40(130)63Б;2019-06-24;ЕМ1739
52.761405;29.996304;АЦ-40(130)63Б;2019-06-24;ЕМ9245
52.789089;30.317857;АЦ-3,0-40(131);2019-06-24;АК7319-3
52.918208;29.662289;АЦ-40(131)137А;2019-06-24;ЕМ9233
52.728730;30.111490;АЦ-40(131)137А;2019-06-24;EM9244
52.910600;30.902100;АЦ-10,0-40(6317);2019-06-24;АК8188-3
52.910600;30.902100;АБР-0,5-0,4(5301);2019-06-24;АВ5641-3
52.910600;30.902100;АЦ-10,0-40(6317);2019-06-24;АМ3139-3
52.950111;31.155022;АЦ-3,0-40(131);2019-06-24;АК8130-3
53.151389;30.457500;АЦ-40(131)137А;2019-06-24;7324ГСЛ
53.151389;30.457500;АЦ-10,0-40(6317);2019-06-24;АМ5471-3
53.196389;30.019722;АЦ-3,0-40(131);2019-06-24;АК7307-3
53.155290;29.846940;АЦ-40(131)137А;2019-06-24;АК7915-3
52.811944;29.238900;АЦ-40(375)Ц1;2019-06-24;ЕМ8056
52.625410;29.369900;АЦ-40(130)63Б;2019-06-24;ЕМ8057
52.421111;30.888056;АЦ-5,0-50/4(5337O2);2019-06-24;AI2004-3
52.421111;30.888056;АЦ-10,0-40(6317);2019-06-24;АК8073-3
52.421111;30.888056;ВАЗ-211070;2019-06-24;8150IH-3
52.421111;30.888056;Geely ATLAS;2019-06-24;4590IT-3
52.421111;30.888056;Geely SC-7;2019-06-24;3555II-3
52.421111;30.888056;ПАЗ-32053-07;2019-06-24;АВ3173-3
52.421111;30.888056;ВАЗ-2114;2019-06-24;7112IМ-3
52.421111;30.888056;МАЗ-555102-225;2019-06-24;АК9541-3
52.479321;31.025959;АЛ-30(131)ПМ506;2019-06-24;АК9987-3
52.479321;31.025959;АЦ-2,5-40(433362);2019-06-24;ЕС4681
52.479321;31.025959;АД120С-Т400-2РП;2019-06-24;б/н
52.261653;30.714348;АЦ-3,0-40(131)003-01;2019-06-24;АК6915-3
52.519970;29.598510;АЦ-3,0-40(131);2019-06-24;АК3621-3
52.352680;31.107316;АЦ-10,0-40(6317);2019-06-24;AМ0976-3
52.352680;31.107316;АЦ-40(43101);2019-06-24;АВ5373-3
52.230406;30.856652;АЦ-3,0-40(131)003-01;2019-06-24;АК6616-3
52.624700;29.704430;АЦ-5,0-50/4(5337О2);2019-06-24;АЕ2865-3
52.624700;29.704430;АЦ-10,0-40(6317);2019-06-24;АК4790-3
52.624700;29.704430;АЛ-30(131)ПМ;2019-06-24;ЕС0648
52.624700;29.704430;АБР(Mercedes-Benz 800);2019-06-24;ЕА1100
52.624700;29.704430;АВПТ 5,5-40(375);2019-06-24;ЕС0646
52.624700;29.704430;ПНРС-133;2019-06-24;АК5767-3
52.624700;29.704430;АЦ-40(130)63Б;2019-06-24;ЕМ8025
52.624700;29.704430;АД120С-Т400-2РП;2019-06-24;A4334A-3
52.624700;29.704430;МАЗ-5516;2019-06-24;AI0811-3
52.602300;29.749440;АЦ-40(131)137А;2019-06-24;AI1872-3
52.602300;29.749440;АБР-0,6/0,1(5301);2019-06-24;AA0470-3
52.602300;29.749440;АЦ-40(130)63Б;2019-06-24;AI1874-3
52.617570;29.780300;АЦ-5,0-40(5337О2);2019-06-24;АВ2001-3
52.617570;29.780300;АЦ-7,0-40(53213)ПМ524;2019-06-24;АК8794-3
52.617570;29.780300;АЦ-40(130)63Б;2019-06-24;АК8795-3
52.627844;29.760679;АЦ-40(130)63Б;2019-06-24;ЕС8571
52.790340;29.415070;АЦ-10,0-40(6317);2019-06-24;АК5768-3
52.790340;29.415070;АЦ-40(131)137;2019-06-24;ЕМ8026
53.906537;27.680553;АВТС(Пежо-Партнер);2019-06-24;АМ8417-7
53.906537;27.680553;АРЗ(VOLKSWAGEN);2019-06-24;AC1809-7
53.906537;27.680553;АСА(МАЗ 530905);2019-06-24;AO1988
53.906537;27.680553;АХРЗ(МАЗ 530905);2019-06-24;AH8548-7
53.906537;27.680553;МПУ(МАЗ-53366);2019-06-24;AB6260-7
53.906537;27.680553;ДГ-125;2019-06-24;М3637А
53.906537;27.680553;БУРЕВЕСТНИК360;2019-06-24;БН
53.906537;27.680553;МЗКТ-73011;2019-06-24;АК5760-7
53.906537;27.680553;АХЗ-5,0(Mercedes-Benz Actros);2019-06-24;АА9868-7
53.906537;27.680553;СВПМАРС-700;2019-06-24;БН
53.906537;27.680553;КС-50(МЗКТ-69234);2019-06-24;АЕ0801-7
53.906537;27.680553;АЦ-5,0-40(МАЗ-5434);2019-06-24;АP3917-7
53.906537;27.680553;АВСС(ГАЗ 2705);2019-06-24;АЕ2209-7
53.906537;27.680553;МЗКТ-730110;2019-06-24;АЕ0844-7
53.906537;27.680553;АР-1-1LT46(Volkswagen Crafte)r;2019-06-24;АВ9756-7
53.906537;27.680553;Нива;2019-06-24;9502PI-7
53.906537;27.680553;TAYGA PATRUL 551 SWT;2019-06-24;БН
53.906537;27.680553;Yamaha XT660X;2019-06-24;3002АА-7
53.906537;27.680553;Yamaha XT660X;2019-06-24;3003АА-7
53.906537;27.680553;АПСР ((Volkswagen Amarok);2019-06-24;АО0112-7
53.039580;24.082240;АЦ-8.0-50/4(6317);2019-06-24;AI8469-4
53.039580;24.082240;АБР(МАN-2080);2019-06-24;AB4391-4
53.039580;24.082240;АЦ-8.0-50/4(6317);2019-06-24;AI8470-4
53.579220;25.808339;АЦ-40-2,5(433362);2019-06-24;AK0968-4
55.515924;28.548316;АЦ-5,0-40(5557);2019-06-24;АА4363-2
55.515924;28.548316;АЦ-8,0-67(631708);2019-06-24;АИ3360-2
55.515924;28.548316;АКП-54;2019-06-24;АВ7130-2
55.513994;28.540001;АЦ-5,0(530905);2019-06-24;АИ3361-2
55.513994;28.540001;АЦ-40 (433362);2019-06-24;5691ВА
55.521754;28.524751;АЦ-5,0-40(5557);2019-06-24;АА4362-2
55.521754;28.524751;АЦ-5,0-70(43118);2019-06-24;АВ8663-2
55.521754;28.524751;ПНС-110(131);2019-06-24;0455
55.509491;28.585588;АЦ-5,0-40(533702);2019-06-24;АВ4770-2
55.509491;28.585588;АКП-30 (630333)-(340Р);2019-06-24;АВ4543-2
55.509491;28.585588;АЦ-5,0-40(533702);2019-06-24;АИ4769-2
55.506982;28.568444;АЦ-5,0-40(533702);2019-06-24;АВ4771-2
55.506982;28.568444;АЦ-40(130)63Б;2019-06-24;АВ5446-2
55.508956;28.586232;АСА МАЗ-43704;2019-06-24;АА2049-2
55.508956;28.586232;АЦ-5,0-50-4(5337А2);2019-06-24;АИ3291-2
52.128341;26.058731;АМС(RENAULT-MASTER);2019-06-24;АМ3412-1
52.128341;26.058731;КС-25(МАЗ-55727);2019-06-24;АВ5663-1
52.128341;26.058731;АВС(FORD-TRANSIT);2019-06-24;АК8067-1
52.128341;26.058731;АХРЗ(ЗИЛ-5301);2019-06-24;АК9247-1
52.128341;26.058731;ЗИЛ-131;2019-06-24;АА8384
52.128341;26.058731;КрАЗ-255Б;2019-06-24;АА9449
52.128341;26.058731;F-500L;2019-06-24;БН
52.128341;26.058731;АЦ-10,0-40(МАЗ-6317Х9);2019-06-24;АК8783-1
55.521783;28.554460;АЦ-5.0-70(43118);2019-06-24;АВ8664-2
55.521783;28.554460;АГТ-1 (433112);2019-06-24;АА2368-2
55.521783;28.554460;АЦ-5.0-40(53211);2019-06-24;ВМ6566
55.521783;28.554460;АСО-20(4208)19-ТВ;2019-06-24;АВ2729-2
55.521783;28.554460;АГ-20(433362);2019-06-24;АА9198-2
53.817680;30.335207;АЦ-2,5-50/4(533702);2019-06-24;0005ТС
53.817680;30.335207;АВПТ-(АЦ-40 (130)63А);2019-06-24;1416ТЕ
53.817680;30.335207;АВПТ-(АЦ-40(130)63Б);2019-06-24;4096ТЕ
53.831897;30.324583;АВПТ-(АЦ-2,5-40(5337А2));2019-06-24;АВ1941-6
53.831897;30.324583;АЦ5.0-50/4 (5337А);2019-06-24;АВ5953-6
53.831897;30.324583;АБР(2705);2019-06-24;1956ТЕ
53.831897;30.324583;АЛ-30(131)506В;2019-06-24;4058ТЕ
53.831897;30.324583;АР-2(43110);2019-06-24;4059ТЕ
53.831897;30.324583;ПНС-110(131);2019-06-24;4055ТЕ
53.812492;30.317792;АВПТ-(АЦ-40(130)63Б);2019-06-24;АI2868-6
53.812492;30.317792;АП-5(53213)196;2019-06-24;4097ТЕ
53.187316;29.211058;АЦ-5,0-40/4 (533702);2019-06-24;7268ТА
53.187316;29.211058;АЦ-8,0-50(631705);2019-06-24;АЕ6064-6
53.187316;29.211058;АСА (МАЗ-437040);2019-06-24;6756ТА
53.187316;29.211058;ПНС-110(631708);2019-06-24;АВ7581-6
53.187316;29.211058;АР-2(131)133;2019-06-24;5978ТА
53.188618;29.188489;АЦ-5,0-40/4(630305);2019-06-24;7629ТА
53.188618;29.188489;АЦ-5,0-40/4(3533702);2019-06-24;7269ТА
54.605179;25.972307;АЦ-10,0-40(6317);2019-06-24;АК7284-4
53.671636;23.892626;АЦ-5,0-50(5434);2019-06-24;AK0962-4
53.671636;23.892626;АЦ-5,0-50-4(5337А2);2019-06-24;AE3692-4
53.671636;23.892626;АВПТ-7,0-60(53215);2019-06-24;CH1925
53.679071;23.894815;АКТ-5-1000-70;2019-06-24;AI0471-4
53.679071;23.894815;АСА-МЕRSEDES,ATEGO1229L;2019-06-24;AA7799-4
53.679071;23.894815;АПКТ-45(6312);2019-06-24;AI3396-4
53.679071;23.894815;АГВТ-100(375);2019-06-24;AE4494-4
53.679071;23.894815;ПНУ-110;2019-06-24;МЖ2680
51.900080;29.333000;АВПТ-АЦ-10,0-50(6317);2019-06-24;АК7102-3
51.900080;29.333000;АКП-50(МЗКТ-6923);2019-06-24;АА8896-3
51.900080;29.333000;ПНРС-110(533605);2019-06-24;АЕ2936-3
51.900080;29.333000;АХРЗ(Mercedes-Benz АТЕGO);2019-06-24;АВ4391-3
51.900080;29.333000;АЦ-5,0-50(5337А2);2019-06-24;АЕ4492-3
51.900080;29.333000;АЦ-5,0-50(43118);2019-06-24;АI5849-3
51.923912;29.258221;АЦ-5,0-50/4(5337А2);2019-06-24;АI2922-3
51.923912;29.258221;АКП-50(МЗКТ-6923);2019-06-24;ЕВ8524
51.923912;29.258221;АВПТ-АЦ-3,0-40(433112);2019-06-24;АВ7137-3
51.923912;29.258221;ПНРС-133(631705);2019-06-24;АI0113-3
51.893948;29.314881;АЦ-5,0-40(53215);2019-06-24;АА0580-3
51.893948;29.314881;АВПТ-АЦ-5,0-40(53215);2019-06-24;ЕС7188
51.893948;29.314881;АЛ-30(131)ПМ506;2019-06-24;3224ГСМ
52.286333;30.259722;АЦ-6,7-40/4(43118);2019-06-24;9713ЕА
52.286333;30.259722;АЦ-5,0-50/4(43114);2019-06-24;АЕ5824-3
52.286333;30.259722;АВ-40(53215);2019-06-24;3812ЕВ
52.286333;30.259722;АЛ-30(131)ПМ506;2019-06-24;АЕ0350-3
52.286333;30.259722;ВАЗ-2131;2019-06-24;9592АМ-3
52.286333;30.259722;ГАЗ-5312;2019-06-24;1490ГСМ
52.349126;30.441079;АКП-35(53213);2019-06-24;ЕА9711
52.349126;30.441079;АСА-20(43101);2019-06-24;ЕВ3749
52.349126;30.441079;АГВТ-250(43101);2019-06-24;ЕВ3770
52.349126;30.441079;ПНС-110(131);2019-06-24;АЕ0346-3
52.349126;30.441079;АП-5(43116);2019-06-24;АА3434-3
52.349126;30.441079;АР-2(43106);2019-06-24;АЕ0344-3
52.349126;30.441079;АЦ-5,0-40(43101);2019-06-24;ЕА9867
52.349126;30.441079;ГАЗ-3307;2019-06-24;АА1274-3
52.349126;30.441079;Geely ATLAS;2019-06-24;0600IT-3
52.349126;30.441079;Skoda Octavia;2019-06-24;6116ВС-3
52.304444;30.228611;АЦ-7,0-40(53213);2019-06-24;ЕА9982
52.304444;30.228611;АСА(ВАЗ-2131);2019-06-24;7216НХ
52.304444;30.228611;АЦ-7,0-40(53213);2019-06-24;ЕА8667
52.304444;30.228611;ПНС-133(631705);2019-06-24;EI4584-3
52.304444;30.228611;ВАЗ-2131;2019-06-24;3600АА-3
52.304444;30.228611;ГАЗ-33021;2019-06-24;ЕМ0806
52.411631;29.856962;АЦ-10,0-40(6317);2019-06-24;АМ5120-3
52.411631;29.856962;АВПТ-6(130)В1;2019-06-24;АЕ0345-3
54.138209;28.383268;АЦ 5,0-40(5434);2019-06-24;АР8489-5
54.138209;28.383268;АЦ 10,0-40(6317);2019-06-24;АР8490-5
54.138209;28.383268;АПК-32 (5340)В3;2019-06-24;АР8491-5
53.888816;30.292750;АЦ-5.0-40(5337);2019-06-24;АА7597-6
53.169638;29.168921;АЦ-5,0-40(5434Х3);2019-06-24;AI 4297-6
54.484343;26.889586;АЦ 10,0-40(6317);2019-06-24;АР8990-5
54.698291;26.665966;АЦ-40(130)63Б;2019-06-24;АЕ2798-5
52.783815;27.521086;АЦ 5,0-50/4(530905);2019-06-24;1366IР-5
53.873399;27.410375;АЦ-5-40(5434Х3);2019-06-24;АР8961-7
53.873399;27.410375;ВЗ-5Л-94;2019-06-24;2595КВ
53.91708;27.70683;МАЗ-6317Х9;2019-06-24;АР0368-7
52.110030;23.755710;АЦ 10,0-40/4(6317);2019-06-24;АМ 54-13-1
52.863655;27.599626;АХРЗ-МАЗ(497040);2019-06-24;АР4027-5
52.863655;27.599626;АСА-911;2019-06-24;АР4045-5
53.849544;27.660157;АБР0,4-130(437043);2019-06-24;АК3578-7
53.849544;27.660157;АЦ5,0-40/4(533702);2019-06-24;АЕ7355-7
54.331713;28.392765;АЦ5,0-40/4(533702);2019-06-24;АI5384-5
54.331713;28.392765;АЦ5,0-40(533702);2019-06-24;АЕ9062-5
52.415647;30.942532;АЦ5,0-40/4(533702);2019-06-24;АЕ4338-3
52.415647;30.942532;АБР0,4-130(437043);2019-06-24;АЕ9152-3
53.802149;29.234576;АЦ 5,0-40(5434);2019-06-24;АР2552-5
51.787778;30.257778;Geely SC-7;2019-06-24;2328II-3
51.440278;30.573056;Puch 230 GE;2019-06-24;1622ВК-3
53.776158;27.646443;АД-100/400;2019-06-24;АА 3069-5
53.150887;29.224279;КП-2-48;2019-06-24;БН
52.896944;30.666667;АЦ-40(131)137А;2019-06-24;1875АК-3
52.083173;29.239318;АЦ-5,0-40(5434);2019-06-24;АМ3251-3
53.6381;23.8142;АЦ-3,5-50/4MANTGM18,330;2019-06-24;AB4122-4
53.6381;23.8142;АЦ-5,0-50/6(МАЗ5337А2);2019-06-24;AE0289-4
52.906066;30.028555;АВПТ-АЦ-40(53213);2019-06-24;6331ГСО
52.218404;27.866747;Купава;2019-06-24;А3499В-3
54.308982;26.843135;АЛ-30(5340);2019-06-24;AP8969-5
52.906066;30.028555;Купава-828100;2019-06-24;А3241В-3
55.015354;29.140378;АЦ-40(130)63Б;2019-06-24;АВ3771
53.180489;29.208084;АЦ-5,0-50/4(533702);2019-06-24;АВ4186-6
53.553865;26.153937;КС5572-7;2019-06-24;АВ8679-4
55.169133;30.245176;КРАН35715;2019-06-24;АЕ0215-2
55.169133;30.245176;МАЗ-АНТЭЙ(6317);2019-06-24;АВ5575-2
55.169133;30.245176;МАЗ(6317);2019-06-24;АЕ0353-2
55.169133;30.245176;АМКАДОР-352;2019-06-24;ВА5802-2
55.169133;30.245176;ПОГРУЗЧИК-4045;2019-06-24;БЕЗ-НОМЕРА
55.169133;30.245176;ПОЛУПРИЦЕП-МАЗ5247;2019-06-24;4714ВМ
55.169133;30.245176;ТЯГАЧ-МАЗ537;2019-06-24;1610ВА
55.169133;30.245176;ГАЗ-66;2019-06-24;5612ВТО
55.169133;30.245176;VOLKSWAGEN-CARAVELLA;2019-06-24;2161ИВ-2
55.169133;30.245176;GEELY-SC7;2019-06-24;1008ЕМ-2
55.169133;30.245176;ПРИЦЕП-УКС-2ПН4;2019-06-24;4712ВМ
55.169133;30.245176;МТО(6317);2019-06-24;АЕ6495-2
55.169133;30.245176;ТОПЛИВОЗАПРАВЩИК-(52);2019-06-24;1510ВТН
55.169133;30.245176;ТОПЛИВОЗАПРАВЩИК-(5334);2019-06-24;АА9957-2
55.169133;30.245176;ГРУЗОПАССАЖИРСКИЙ-УАЗ(390994);2019-06-24;АВ3194-2
55.169133;30.245176;ГРУЗОПАССАЖИРСКИЙ-ГАЗ(2705);2019-06-24;АК2904-2
55.169133;30.245176;САМОСВАЛ-МАЗ(5516А5);2019-06-24;АВ5595-2
55.169133;30.245176;САМОСВАЛ-МАЗ(6516А8);2019-06-24;АЕ3605-2
55.169133;30.245176;САМОСВАЛ-МАЗ(5516А5);2019-06-24;АВ6889-2
55.169133;30.245176;ГРУЗОВОЙ-МАЗ(5340А5);2019-06-24;АЕ6042-2
55.169133;30.245176;ГРУЗОВОЙ-МАЗ(5340А5);2019-06-24;АЕ6041-2
55.169133;30.245176;ГРУЗОВОЙ-МАЗ(437173);2019-06-24;АК2487-2
55.169133;30.245176;АВТОБУС-МАЗ(256170);2019-06-24;АЕ6762-2
55.169133;30.245176;АВТОМОБИЛЬ-РАДЗИМИЧ(А-0921);2019-06-24;АВ6788-2
55.169133;30.245176;АВТОБУС-МАЗ(152А62);2019-06-24;АЕ6707-2
53.898691;27.592356;АСО-20(16472);2019-06-24;АВ0920-7
53.898691;27.592356;МПУ(15471);2019-06-24;КА4013
53.898691;27.592356;АР-2(77)(9921);2019-06-24;КС0932
53.898691;27.592356;АР-2(150)(4070);2019-06-24;КС0131
53.898691;27.592356;МВЗ(17572);2019-06-24;АI1690-7
53.898691;27.592356;ПНС-110(0846);2019-06-24;КЕ9380
55.169133;30.245176;ТРАКТОР-УМТ(82);2019-06-24;9294ВВ-2
55.169133;30.245176;ГАЗ-32321;2019-06-24;0416ВАА
55.169133;30.245176;VOLKSWAGEN-PASSAT;2019-06-24;8797ЕК-2
55.169133;30.245176;GEELY-ATLAS;2019-06-24;8788ИВ-2
55.169133;30.245176;GEELY-SC7;2019-06-24;2115ЕТ-2
55.169133;30.245176;VOLKSWAGEN-SHARAN;2019-06-24;6454ИВ-2
55.169133;30.245176;GEELY-EMGRAND;2019-06-24;5400ИВ-2
55.169133;30.245176;GEELY-SC7;2019-06-24;1007ЕМ-2
55.169133;30.245176;GEELY-SC7;2019-06-24;3292ЕХ-2
55.169133;30.245176;VOLVO-V70;2019-06-24;4244ЕВ-2
52.479645;31.026126;КАМАЗ-53213;2019-06-24;ЕМ9417
53.899514;27.538064;АЦ-5,0-40(5434);2019-06-24;АC1596-7
53.70809;23.8211;ГАЗ-2705;2019-06-24;AI5695-4
53.70809;23.8211;ЗИЛ-130;2019-06-24;АI6518-4
53.70809;23.8211;МАЗ631705;2019-06-24;AE3601-4
53.70809;23.8211;МАЗ4570;2019-06-24;AB9462-4
53.70809;23.8211;ТРАКТОР-УСБ-25А;2019-06-24;CB-46062
53.70809;23.8211;KAMAТСУ;2019-06-24;НЕТ
53.70809;23.8211;ГАЗ-52;2019-06-24;СМ5839
53.70809;23.8211;GEELY-X7;2019-06-24;0052КН-4
53.70809;23.8211;VOLKSWAGEN-TIGUAN;2019-06-24;1019КС-4
53.70809;23.8211;GEELY-SC7;2019-06-24;5532КА-4
53.70809;23.8211;GEELY-SC7;2019-06-24;5534КА-4
53.70809;23.8211;SKODA-OKTAVIA-A5;2019-06-24;8590КС-4
53.70809;23.8211;ГРЕЙД-ВОЛЛ;2019-06-24;1191АО-4
53.70809;23.8211;VOLKSWAGEN-TIGUAN;2019-06-24;1020КС-4
53.70809;23.8211;GEELY-SC7;2019-06-24;4946KK-4
53.70809;23.8211;GEELY-SC7;2019-06-24;4739КХ-4
53.70809;23.8211;ШКОДА-СУПЕРБ;2019-06-24;0154АА-4
53.70809;23.8211;GEELY-EMGRAND-X7;2019-06-24;4976KK-4
53.70809;23.8211;GEELY-EMGRAND-X7;2019-06-24;4947КК-4
53.70809;23.8211;МАЗ-152А62;2019-06-24;АЕ2127-4
53.70809;23.8211;МАЗ-256;2019-06-24;СI7282
53.70809;23.8211;МАЗ-437143;2019-06-24;АА8605-4
53.70809;23.8211;УРАЛ-4320;2019-06-24;СН45853
53.70809;23.8211;САМОСВАЛ-ММЗ-555;2019-06-24;АА9204-4
53.70809;23.8211;САМОСВАЛ-МАЗ-5516А5;2019-06-24;АА9032-4
53.70809;23.8211;VOLKSWAGEN-CARAVELLE;2019-06-24;АК0678-4
53.70809;23.8211;VOKSWAGEN-CARAVEL;2019-06-24;АА5555-4
53.70809;23.8211;ГАЗ-2705-ЛАБОРАТОРИЯ;2019-06-24;АА9871-4
53.70809;23.8211;МАЗ-5340А5-370-010;2019-06-24;АВ8608-4
53.51310;30.21102;Шкода Октавия;2019-06-24;1335ТАК
52.479645;31.026126;Hyundai Robex R210LC-7;2019-06-24;ЕВ-35304
52.479645;31.026126;МТЗ-82;2019-06-24;ЕВ-36900
52.479645;31.026126;Амкодор 352С;2019-06-24;ЕК-37097
52.479645;31.026126;АП-4081;2019-06-24;б/н
52.479645;31.026126;МАЗ-642208;2019-06-24;АЕ0162-3
52.479645;31.026126;Lublin-3;2019-06-24;АВ3770-3
52.479645;31.026126;МАЗ-631705;2019-06-24;AI1732-3
52.479645;31.026126;Lublin-330224;2019-06-24;АВ3938-3
52.479645;31.026126;ГАЗ-5312;2019-06-24;АВ8166-3
52.479645;31.026126;ЗиЛ-131 (ПРХМ Д);2019-06-24;АМ3097-3
52.479645;31.026126;МАЗ-152А62;2019-06-24;AI1742-3
52.479645;31.026126;МАЗ-25670;2019-06-24;АI0971-3
52.479645;31.026126;Renault Master;2019-06-24;АЕ5057-3
52.479645;31.026126;Богдан-АО921;2019-06-24;АА6325-3
52.479645;31.026126;Volkswagen Т4;2019-06-24;АВ9950-3
52.479645;31.026126;Volkswagen Т2;2019-06-24;4454ЕВ-3
52.479645;31.026126;МАЗ-6303;2019-06-24;ЕА8361
52.479645;31.026126;МАЗ-437043;2019-06-24;АМ3111-3
52.479645;31.026126;УАЗ-3303;2019-06-24;ЕА2677
52.479645;31.026126;МАЗ-5554;2019-06-24;АВ3951-3
52.479645;31.026126;МАЗ-55165;2019-06-24;АЕ2599-3
52.479645;31.026126;Audi Q7;2019-06-24;1001ЕС-3
52.479645;31.026126;Chevrolet Captiva;2019-06-24;7788ВА-3
52.479645;31.026126;Geely ATLAS;2019-06-24;5757BE-3
52.479645;31.026126;Geely Emgrand X7;2019-06-24;1055ЕХ-3
52.479645;31.026126;BMW X5;2019-06-24;0911ЕР-3
52.479645;31.026126;Geely SC-7;2019-06-24;9111ЕС-3
52.479645;31.026126;Volvo S80;2019-06-24;7177IР-3
52.479645;31.026126;Skoda Octavia;2019-06-24;8877АТ-3
52.479645;31.026126;Skoda Octavia;2019-06-24;7753ЕН-3
52.479645;31.026126;Volkswagen Caravelle;2019-06-24;3919BI-3
52.479645;31.026126;Volkswagen Passat B6;2019-06-24;1010ВН-3
52.479645;31.026126;МАЗ-9379010;2019-06-24;А6411А-3
52.479645;31.026126;МАЗ-938662;2019-06-24;2196АА-3
53.51310;30.21102;Volkswagen Sharan;2019-06-24;ЕМ6655-6
53.51310;30.21102;Шкода Октавия;2019-06-24;IB1960-6
53.51310;30.21102;OPEL INSIGNIA;2019-06-24;ЕМ1070-6
53.51310;30.21102;УАЗ 3163-127;2019-06-24;ЕЕ7988-6
53.51310;30.21102;Geely SС 7;2019-06-24;ЕМ1090-6
53.51310;30.21102;Фольксваген Транспортер;2019-06-24;ВК4569-6
53.51310;30.21102;Geely SС 7;2019-06-24;ЕХ5333-6
53.51310;30.21102;Geely SС 7;2019-06-24;ЕХ1080-6
53.51310;30.21102;Шкода Суперб Амбишн;2019-06-24;АА1061-6
53.51310;30.21102;Geely SС 7;2019-06-24;ЕМ1077-6
53.51310;30.21102;Geely SС 7;2019-06-24;ЕМ7868-6
53.51310;30.21102;ГАЗ 32213-14;2019-06-24;ТАА6427
53.51310;30.21102;Фольксваген Мультиван;2019-06-24;BI1645-6
53.51310;30.21102;МАЗ-251050;2019-06-24;АВ7347-6
53.51310;30.21102;МАЗ 256100;2019-06-24;ТС4068
53.51310;30.21102;МАЗ-5340А5;2019-06-24;АА9312-6
53.51310;30.21102;МАЗ-437041-262;2019-06-24;АА7442-6
53.51310;30.21102;Форд-Транзит-330SWB;2019-06-24;AI0774-6
53.51310;30.21102;ГАЗ-275270;2019-06-24;АА7930-6
53.51310;30.21102;МАЗ-555102;2019-06-24;АА0059-6
53.51310;30.21102;МАЗ-5516А5;2019-06-24;АА7560-6
53.51310;30.21102;УАЗ 3962;2019-06-24;ТМ0231
53.51310;30.21102;ПУМ МАЗ(631708);2019-06-24;АА5242-6
53.51310;30.21102;АТ-(631705);2019-06-24;АВ6381-6
53.51310;30.21102;Форд Транзит 330SWB;2019-06-24;AI0732-6
53.51310;30.21102;Volkswagen LT-46;2019-06-24;АЕ3262-6
53.51310;30.21102;АТЗ(433362);2019-06-24;АЕ1035-6
53.51310;30.21102;АЦ-2,4(52);2019-06-24;ТЕ8919
53.51310;30.21102;МАЗ-537;2019-06-24;АВ7222-6
53.51310;30.21102;АП4045;2019-06-24;БЕЗ-НОМЕРА
53.51310;30.21102;40811-14;2019-06-24;БЕЗ-НОМЕРА
53.51310;30.21102;EW-25-М1.001;2019-06-24;АА3114-6
53.51310;30.21102;УКС400В-П;2019-06-24;БЕЗ-НОМЕРА
53.51310;30.21102;Прицеп МАЗ837810;2019-06-24;ТВ2857
53.51310;30.21102;Прицеп ЧМЗАП-9990;2019-06-24;АА4818-6
53.51310;30.21102;1-П-1,5;2019-06-24;БЕЗ-НОМЕРА
53.51310;30.21102;ЮМЗ 2621;2019-06-24;ТА9481-6
53.51310;30.21102;Ford Transit Veras 3076;2019-06-24;AI0033-6
53.308038;26.514879;АЦ 2,5-40/4(533702) МАЗ;2019-06-24;АС0920-5
51.440278;30.573056;DIV;2019-06-24;1588АА-3
52.424478;31.320813;Одиссей-5;2019-06-24;3433АА-3
52.218404;27.866747;82944S;2019-06-24;3225АА-3
52.065242;27.756327;Одиссей-5;2019-06-24;А4399А-3
52.906066;30.028555;Одиссей-5;2019-06-24;А4552А-3
52.131578;29.321003;ВАЗ-21214;2019-06-24;6512ЕН-3
52.131578;29.321003;Puch;2019-06-24;А1647А-3
53.080680;30.050360;Купава;2019-06-24;А2182А-3
53.080680;30.050360;ЗиЛ-131;2019-06-24;АМ4088-3
51.909167;29.978889;DIV;2019-06-24;1545АА-3
51.909167;29.978889;2ПН-2М;2019-06-24;3888ЕВ
53.181314;24.978411;АЦП-40(5557)6/3;2019-06-24;АЕ0536-4
53.152623;24.806887;АЦ-5,0-50/4;2019-06-24;АЕ3526-4
53.679071;23.894815;АЦ8,0-50(6317);2019-06-24;AK6530-4
53.699977;23.828340;АКП-54(MERSEDES3535);2019-06-24;CH1911
55.521754;28.524751;ПНС-110(631705)МАЗ;2019-06-24;АВ4544-2
54.505647;30.420796;ЭД-100-Т400-1РП;2019-06-24;БН
52.128341;26.058731;АВТС(MERCEDES-BENZ-711);2019-06-24;АК2891
52.128341;26.058731;АВТС(КАМАЗ-43101);2019-06-24;АМ0899-1
52.128341;26.058731;БМК-150М;2019-06-24;БН
53.897533;25.294115;АР-2(43105);2019-06-24;АА1440-4
53.897533;25.294115;ПНС-110(131);2019-06-24;АВ2672-4
53.897533;25.294115;TAYGA551;2019-06-24;TAYGA551
53.934824;25.252846;АРС-14(131);2019-06-24;4146СМ
53.934824;25.252846;КШМ-Р140ГАЗ6605;2019-06-24;А2445-4
53.934824;25.252846;ПРИЦЕП для ППODYSSEY-5;2019-06-24;А5123-А-4
53.897533;25.294115;ДЖИП-ГРАНД-ЧЕРОККЕ;2019-06-24;1178IX-4
53.897533;25.294115;ВАЗ21214;2019-06-24;0068КВ-4
53.897533;25.294115;ВАЗ21213;2019-06-24;AI4429-4
53.897533;25.294115;ОПЕЛЬ-АСТРА;2019-06-24;4560CI-4
53.897533;25.294115;МАЗ6516А8;2019-06-24;AB8776-4
53.897533;25.294115;пЭ(автомобиль;2019-06-24;
52.085468;23.718441;АШ-5(ФОЛЬКСВАГЕН-Т5);2019-06-24;АА6103-1
52.110514;26.063221;АСО-5;2019-06-24;1272МИМ
53.934824;25.252846;АНР-40(130)127A;2019-06-24;AA1441-4
55.183288;30.208388;УАЗ-ПАТРИОТ;2019-06-24;АК4481-2
53.878415;27.668883;АШ УАЗ-3163-349-39;2019-06-24;АР1213-7
55.661970;28.321700;АЦП-40-(6/3);2019-06-24;63-91ВЕ
53.901695;27.556109;Ford Transit;2019-06-24;AO4333-7
53.901695;27.556109;Ford Transit;2019-06-24;AO4320-7
53.906537;27.680553;ГИДРОЦИКЛ;2019-06-24;БН
53.432266;30.986802;ВСПОМОГАТЕЛЬНАЯ;2019-06-24;ТВ3082
53.432266;30.986802;ВСПОМОГАТЕЛЬНАЯ;2019-06-24;ТЕ9003
53.432266;30.986802;ЛОДКА;2019-06-24;А1079А-6
51.878933;29.331091;АЦ-5,0-50/5(43118);2019-06-24;АК6220-3
51.878933;29.331091;АВПТ-АЦ-10,0-40(6317Х9);2019-06-24;АМ1830-3
53.906537;27.680553;КВАДРОЦИКЛ;2019-06-24;БН
53.906537;27.680553;ИМР;2019-06-24;БН
53.906537;27.680553;БАТ;2019-06-24;БН
53.906537;27.680553;МАЗ152062;2019-06-24;АЕ1073-7
53.906537;27.680553;МАЗ251050;2019-06-24;АМ0865-7
54.505647;30.420796;АВПТ-8(131);2019-06-24;2241МИМ
52.479645;31.026126;Ford Transit (Veras);2019-06-24;AM4109-3
52.415233;30.942974;АШ(УАЗ-23632-253);2019-06-24;AM4200-3
55.509491;28.585588;АР-2(43114)КАМАЗ;2019-06-24;АВ2730-2
54.084596;28.305239;АЛ-30(131);2019-06-24;АС3180-5
53.155290;29.846940;АЦ 3,0-40(131);2019-06-24;АК7334-3
53.432266;30.986802;АЦ10,0-40(6317Х9);2019-06-24;АI4135-6
54.110999;28.352811;АЦ-10,0-40(6317);2019-06-24;АС4135-5
55.646492;27.044440;АЦ-10,0-40(6317);2019-06-24;АК6927-2
53.829399;28.789888;АЦ-40(130)63Б;2019-06-24;56-05 МИМ
53.081536;27.017189;АЦ10,0-40(6317);2019-06-24;АС3649-5
52.795403;28.004358;АЦ10,0-40(6317);2019-06-24;АС2376-5
51.756034;28.719736;АЦ-5,0-50/4(5337А2);2019-06-24;АЕ9715-3
52.662816;28.897342;АЦ-10,0-40(6317);2019-06-24;АМ4407-3
52.651628;28.538130;АЦ-5,0-50/4(5337О2);2019-06-24;АЕ2864-3
53.897533;25.294115;ФОЛЬСВАГЕН-ТРАНСПОРТЕР;2019-06-24;0066KI-4
54.204288;28.486903;УАЗ 23632;2019-06-24;1212АС-5
54.308982;26.843135;УАЗ-3163-305;2019-06-24;АР2989-5
52.450830;31.005000;АШ(УАЗ-23632-253);2019-06-24;АМ5533-3
52.218404;27.866747;АШ(ВАЗ-21214);2019-06-24;1488ЕР-3
52.906066;30.028555;АШ(ГАЗ-2705);2019-06-24;АМ1468-3
53.910796;30.307974;АШ;2019-06-24;1743ВА-6
53.169638;29.168921;АШ(УАЗ-23632-253);2019-06-24;AI6911-6
52.352323;30.408279;АШ(Daimler Chrysler 413CDI);2019-06-24;АЕ8301-3
53.279034;29.489334;АЦ10,0-40(6317)Х9;2019-06-24;AI4387-6
53.279034;29.489334;АЦ10,0-40(6317)Х12;2019-06-24;AE9224-6
53.279034;29.489334;АСА0,5-0,4(437041);2019-06-24;TA7100
53.817680;30.335207;АШ;2019-06-24;АВ-8958-6
52.602300;29.749440;АШ(УАЗ-3909);2019-06-24;ЕС8497
52.349126;30.441079;АШ(ГАЗ-27057);2019-06-24;АА5534-3
51.900080;29.333000;АШ(Volkswagen Crafter);2019-06-24;АК8269-3
55.521783;28.554460;УАЗ-315195;2019-06-24;ВВ1448
53.188618;29.188489;ФОЛЬКСВАГЕН-КАРАВЕЛЛА;2019-06-24;ВВ5874-6
53.897475;25.294121;ВАЗ21310;2019-06-24;4419IP-4
54.609896;25.943893;АШ(ЛАДА21310);2019-06-24;4417IP-4
53.906537;27.680553;LUBLIN;2019-06-24;АА9827-7
53.906537;27.680553;Peugeot;2019-06-24;АМ8418-7
53.150645;24.442526;LADA21310;2019-06-24;4418IP-4
55.424401;27.308848;4,0-50/4(43101)КАМАЗ;2019-06-24;AE0217-2
54.474961;30.321272;АЦ-11,0-40(6317);2019-06-24;АК8414-2
53.703132;26.572530;АЦ-5,0-40(533702);2019-06-24;AI1643-5
53.910945;30.307752;УАЗ23632-253;2019-06-24;АН7707-6
52.209990;27.128400;АЦ-10,0/40(6317);2019-06-24;AM9023-1
54.609896;25.943893;АШ(УАЗ23623);2019-06-24;АК8781-4
52.108410;23.692210;АЦ5,0-50/4(5337А2);2019-06-24;АI0147-1
52.085240;23.718560;АЦ5,0/40(5434);2019-06-24;АВ8866-1
52.060960;23.748730;АЦ5,0/40(5434);2019-06-24;АМ8864-1
53.22926;26.64665;АШ-УАЗ-23632-253;2019-06-24;АС5150-5
52.352323;30.408279;КШМ(6614)Р-142Н;2019-06-24;ЕС5612
52.049113;29.208389;КШМ(66)Р-142Н;2019-06-24;ЕС5613
52.479645;31.026126;КШМ(66)Р-112М;2019-06-24;АК9006-3
52.479645;31.026126;ЗиЛ-131(Р-140М);2019-06-24;ЕС5614
55.169133;30.245176;Р-142(66);2019-06-24;5612ВТО
55.169133;30.245176;Р-140-05(66);2019-06-24;3516ВТП
53.492132;26.758469;АЦ 10,0-40(6317);2019-06-24;АС5129-5
52.411631;29.856962;Богдан-2110;2019-06-24;4935ЕЕ-3
53.468958;27.206289;АЦ-10,0-40(6317);2019-06-24;АС5117-5
51.891690;26.833530;БРИГ-R450;2019-06-24;БА5207
53.906537;27.680553;АКС(RENAULT);2019-06-24;АК7310-7
53.134617;26.020278;Volkswagen LT-46;2019-06-24;АК6886-1
52.110514;26.063221;УАЗ-ПАТРИОТ;2019-06-24;АМ9510-1
52.049113;29.208389;АШ(УАЗ-23632-253);2019-06-24;АМ5314-3
53.134617;26.020278;ПОЛУПРИЦЕП ГРУЗОВОЙ;2019-06-24;АА8746-1
53.134617;26.020278;ЛОДКА;2019-06-24;
52.802821;27.760503;АЦ 5,0-40(533702-270);2019-06-24;AP4043-5
52.863655;27.599626;АЦ 10,0-40(6317Х9);2019-06-24;АС5478-5
52.128341;26.058731;КрАЗ-255Б;2019-06-24;АА7467-1
52.128341;26.058731;Одиссей-5;2019-06-24;А8950А-1
53.080680;30.050360;АШ(ВАЗ-21214-120-40);2019-06-24;4493IT-3
52.131818;31.267953;АЦ-11,0-40(6317);2019-06-24;АМ5095-3
52.241810;29.841750;АЦ-11,0-40(6317);2019-06-24;АМ5640-3
55.458385;29.986017;АЦ-10,0-40(6317X9);2019-06-24;AK8413-2
54.028852;28.086493;АЛ-305340С2;2019-06-24;АС5380-5
53.641553;27.920323;АЦ 10.0-40(6317);2019-06-24;АС6641-5
53.449283;28.121892;АЦ8,0-50/4(631708);2019-06-24;АI6431-5
51.789743;28.314638;АКП-25(5337А2)РМT-25D.09;2019-06-24;АМ5583-3
54.149945;25.312660;АЦ-11,0-40(6317);2019-06-24;AK9654-4
54.021012;25.994542;АЦ-10,0-40(6317);2019-06-24;АI8068-4
52.477312;30.988082;АЦ-5,0-50/4(5337А2);2019-06-24;AI7473-3
52.906066;30.028555;Geely ATLAS;2019-06-24;4418IT-3
52.218404;27.866747;ВАЗ-21214-120-40;2019-06-24;2692IT-3
52.126368;28.491663;Geely SC-7;2019-06-24;2714IT-3
54.095202;25.739733;АЦ-11,0-40(6317);2019-06-24;АК9561-4
52.400720;31.340398;АЛ-30(131)ПМ506;2019-06-24;7193ЕВ
53.177394;25.982335;АЦ-11,0/40(6317);2019-06-24;АМ9271-1
53.464147;25.404997;АЦ-40(131)137А;2019-06-24;АА5427-4
53.70809;23.8211;КС-35715;2019-06-24;СI7448
54.756747;26.086526;АЛ-55IVEKO;2019-06-24;АК3095-4
54.001860;25.619951;АЦ-5,0-40(5434);2019-06-24;АК2319-4
52.049113;29.208389;Geely Emgrand 7;2019-06-24;5217IT-3
54.528202;30.449302;УАЗ-23632;2019-06-24;АК8031-2
54.661810;30.546046;АЦ10,0-40(6317);2019-06-24;АК5705-2
54.427003;25.924591;АЦ-5,0-40/4(533702);2019-06-24;АВ5160-4
52.110030;23.755710;АБР-0,5-0,4(437041);2019-06-24;АI5241-1
51.789743;28.314638;СНП 75/100;2019-06-24;б/н
52.568960;31.165104;МАЗ-837810;2019-06-24;А5340В-3
52.662816;28.897342;АКП-25(5337А2)РМT-25D.09;2019-06-24;АК3613-3
53.873537;27.905383;5Л-94;2019-06-24;15-00КВ
54.609919;25.944019;АКП-25(5337А2);2019-06-24;AI8617-4
54.176578;31.268411;АЦ-5,0-40/4(МАЗ533702-270);2019-06-24;АА4706-6
52.147650;25.542480;КУХНЯ(автомобильная;2019-06-24;БЕЗНОМЕРА
52.715186;25.340784;КП-125М;2019-06-24;0282ЯЯ
52.118100;23.889780;АЦ;2019-06-24;АА9900-1
52.473180;25.188000;КАТЕР;2019-06-24;А5248А-1
53.896916;27.970809;АЦ10,0-40(6317);2019-06-24;АС5320-5
52.110514;26.063221;САМОСВАЛ;2019-06-24;АА1652-1
52.454846;30.981936;КШМ(66)Р-142Н;2019-06-24;АМ6185-3
52.400720;31.340398;Амкодор 342С4;2019-06-24;ЕА3418
53.699977;23.828340;АКП-30;2019-06-24;АА9187-4
53.933454;27.480390;ГИДРОЦИКЛ;2019-06-24;АЕ3106-7
55.520380;28.660080;ГАЗЕЛЬ;2019-06-24;АА2932-2
53.705942;28.412902;АЦ5,0-40(5434);2019-06-24;АС6600-5
54.011138;27.274817;АШ ВАЗ 21310;2019-06-24;7722МЕ-5
53.677838;23.824823;АЦ;2019-06-24;СI6811
52.554590;23.797050;АЦ 10-40(6317);2019-06-24;АК9391-1
52.397850;23.823710;АЦ-5,0-50/4(5337А2);2019-06-24;АИ1751-1
53.897533;25.294115;АЛ-30(131)ПМ506;2019-06-24;AA1437-4
51.878933;29.331091;АП-5(53213);2019-06-24;АА4819-3
52.511183;27.792863;АЦ-40(130)63Б;2019-06-24;АН9241-5
54.296562;26.861154;АЦ-40(431412)63Б;2019-06-24;АВ6147-5
52.913283;27.080321;АЦ-40(131)137;2019-06-24;АА8330-5
55.141680;29.844240;АЦ-40(131)137А;2019-06-24;ВЕ2769
53.591928;27.865311;АЦ 2,5-40 (433362);2019-06-24;АР5168-5
54.276971;28.770505;АЦ-40(130)63Б;2019-06-24;АI1982-5
53.132552;26.044860;АЦ-40/2,5(433362);2019-06-24;AE4883
53.897533;25.294115;АЦ-40(131)137А;2019-06-24;1332-4
55.183568;30.208583;АЛ-30(131)506ПМ;2019-06-24;ВЕ2455
52.78719;27.52899;АСА-ИВЕКО-МАГИРУС;2019-06-24;АМ0369-5
54.004807;27.293726;АЦ 2,0-33/4(437041);2019-06-24;АI0527-5
52.526364;25.842040;ПНС-110(131);2019-06-24;1013МИМ
52.526364;25.842040;АР-2(131);2019-06-24;1015МИМ
53.699977;23.828340;АЛ-31(5337);2019-06-24;AA5622-4
53.167978;24.426335;АЦ40(130)63Б;2019-06-24;AE0538-4
53.005795;27.505111;АЦ-40(130)63Б;2019-06-24;АН6132-5
53.132552;26.044860;АЦ-40(130) 63Б;2019-06-24;AM5883
52.391525;31.033813;АЛ-30(5337O2);2019-06-24;АА8694-3
52.55173;24.48578;АЦ-5,0-40(533702);2019-06-24;АВ8458-1
53.863630;27.489283;АЛ-55 (26148) МАГИРУС;2019-06-24;АН6856-7
54.136648;27.960657;АЦ 2.5 - 40(43362);2019-06-24;АO7826-5
52.737547;27.465983;АЦ-40(130)63Б;2019-06-24;АН9262-5
53.635162;23.839408;АЦ-40(433362);2019-06-24;CH1280-4
53.929532;27.701726;АЦ-5,0/40(5309);2019-06-24;АН7479-7
53.098022;27.814687;АЦ-40(130)63Б;2019-06-24;АН6131-5
51.789743;28.314638;АЦ-10,0-40(6317);2019-06-24;АМ1643-3
54.733089;26.007360;АЦ 40 ЗИЛ 131/137А;2019-06-24;AI8556-4
54.609919;25.944019;АЦ-5,0-50/4(530905);2019-06-24;AK3081-4
53.628088;27.381422;АЦ-40(131)137А;2019-06-24;АА6406-5
54.005367;27.703028;АЦ 5,0-40/4(530905);2019-06-24;АО5279-5
53.846518;27.454617;АБР-0,6/100(5301ГА);2019-06-24;4170КС
53.353535;27.218714;АЦ-3,0-40(131);2019-06-24;АО3858-5
53.906537;27.680553;Комбат-430;2019-06-24;БГ7047
53.906537;27.680553;Одиссей-5;2019-06-24;А4434А-3
